STATENAME,URL,WEBSITE,ACTIVITY LEVEL,ACTIVITY LEVEL LABEL,WEEKEND,WEEK,SEASON
California,https://www.cdph.ca.gov/Programs/CID/DCDC/Pages/Immunization/Influenza.aspx,Influenza (Flu),1,Minimal,2018-10-06 00:00:00,40,2018-19
New York,http://www.health.ny.gov/diseases/communicable/influenza/surveillance/,"Influenza Activity, Surveillance and Reports",1,Minimal,2018-10-06 00:00:00,40,2018-19
California,https://www.cdph.ca.gov/Programs/CID/DCDC/Pages/Immunization/Influenza.aspx,Influenza (Flu),1,Minimal,2018-10-13 00:00:00,41,2018-19
New York,http://www.health.ny.gov/diseases/communicable/influenza/surveillance/,"Influenza Activity, Surveillance and Reports",1,Minimal,2018-10-13 00:00:00,41,2018-19
California,https://www.cdph.ca.gov/Programs/CID/DCDC/Pages/Immunization/Influenza.aspx,Influenza (Flu),1,Minimal,2018-10-20 00:00:00,42,2018-19
New York,http://www.health.ny.gov/diseases/communicable/influenza/surveillance/,"Influenza Activity, Surveillance and Reports",1,Minimal,2018-10-20 00:00:00,42,2018-19
New York,http://www.health.ny.gov/diseases/communicable/influenza/surveillance/,"Influenza Activity, Surveillance and Reports",1,Minimal,2018-10-27 00:00:00,43,2018-19
California,https://www.cdph.ca.gov/Programs/CID/DCDC/Pages/Immunization/Influenza.aspx,Influenza (Flu),1,Minimal,2018-10-27 00:00:00,43,2018-19
New York,http://www.health.ny.gov/diseases/communicable/influenza/surveillance/,"Influenza Activity, Surveillance and Reports",1,Minimal,2018-11-03 00:00:00,44,2018-19
California,https://www.cdph.ca.gov/Programs/CID/DCDC/Pages/Immunization/Influenza.aspx,Influenza (Flu),1,Minimal,2018-11-03 00:00:00,44,2018-19
California,https://www.cdph.ca.gov/Programs/CID/DCDC/Pages/Immunization/Influenza.aspx,Influenza (Flu),1,Minimal,2018-11-10 00:00:00,45,2018-19
New York,http://www.health.ny.gov/diseases/communicable/influenza/surveillance/,"Influenza Activity, Surveillance and Reports",1,Minimal,2018-11-10 00:00:00,45,2018-19
California,https://www.cdph.ca.gov/Programs/CID/DCDC/Pages/Immunization/Influenza.aspx,Influenza (Flu),2,Minimal,2018-11-17 00:00:00,46,2018-19
New York,http://www.health.ny.gov/diseases/communicable/influenza/surveillance/,"Influenza Activity, Surveillance and Reports",1,Minimal,2018-11-17 00:00:00,46,2018-19
California,https://www.cdph.ca.gov/Programs/CID/DCDC/Pages/Immunization/Influenza.aspx,Influenza (Flu),2,Minimal,2018-11-24 00:00:00,47,2018-19
New York,http://www.health.ny.gov/diseases/communicable/influenza/surveillance/,"Influenza Activity, Surveillance and Reports",2,Minimal,2018-11-24 00:00:00,47,2018-19
California,https://www.cdph.ca.gov/Programs/CID/DCDC/Pages/Immunization/Influenza.aspx,Influenza (Flu),3,Minimal,2018-12-01 00:00:00,48,2018-19
New York,http://www.health.ny.gov/diseases/communicable/influenza/surveillance/,"Influenza Activity, Surveillance and Reports",2,Minimal,2018-12-01 00:00:00,48,2018-19
New York,http://www.health.ny.gov/diseases/communicable/influenza/surveillance/,"Influenza Activity, Surveillance and Reports",2,Minimal,2018-12-08 00:00:00,49,2018-19
California,https://www.cdph.ca.gov/Programs/CID/DCDC/Pages/Immunization/Influenza.aspx,Influenza (Flu),3,Minimal,2018-12-08 00:00:00,49,2018-19
New York,http://www.health.ny.gov/diseases/communicable/influenza/surveillance/,"Influenza Activity, Surveillance and Reports",4,Low,2018-12-15 00:00:00,50,2018-19
California,https://www.cdph.ca.gov/Programs/CID/DCDC/Pages/Immunization/Influenza.aspx,Influenza (Flu),4,Low,2018-12-15 00:00:00,50,2018-19
New York,http://www.health.ny.gov/diseases/communicable/influenza/surveillance/,"Influenza Activity, Surveillance and Reports",5,Low,2018-12-22 00:00:00,51,2018-19
California,https://www.cdph.ca.gov/Programs/CID/DCDC/Pages/Immunization/Influenza.aspx,Influenza (Flu),5,Low,2018-12-22 00:00:00,51,2018-19
California,https://www.cdph.ca.gov/Programs/CID/DCDC/Pages/Immunization/Influenza.aspx,Influenza (Flu),6,Moderate,2018-12-29 00:00:00,52,2018-19
New York,http://www.health.ny.gov/diseases/communicable/influenza/surveillance/,"Influenza Activity, Surveillance and Reports",7,Moderate,2018-12-29 00:00:00,52,2018-19
New York,http://www.health.ny.gov/diseases/communicable/influenza/surveillance/,"Influenza Activity, Surveillance and Reports",6,Moderate,2019-01-05 00:00:00,1,2018-19
California,https://www.cdph.ca.gov/Programs/CID/DCDC/Pages/Immunization/Influenza.aspx,Influenza (Flu),6,Moderate,2019-01-05 00:00:00,1,2018-19
New York,http://www.health.ny.gov/diseases/communicable/influenza/surveillance/,"Influenza Activity, Surveillance and Reports",5,Low,2019-01-12 00:00:00,2,2018-19
California,https://www.cdph.ca.gov/Programs/CID/DCDC/Pages/Immunization/Influenza.aspx,Influenza (Flu),5,Low,2019-01-12 00:00:00,2,2018-19
New York,http://www.health.ny.gov/diseases/communicable/influenza/surveillance/,"Influenza Activity, Surveillance and Reports",7,Moderate,2019-01-19 00:00:00,3,2018-19
California,https://www.cdph.ca.gov/Programs/CID/DCDC/Pages/Immunization/Influenza.aspx,Influenza (Flu),4,Low,2019-01-19 00:00:00,3,2018-19
New York,http://www.health.ny.gov/diseases/communicable/influenza/surveillance/,"Influenza Activity, Surveillance and Reports",8,High,2019-01-26 00:00:00,4,2018-19
California,https://www.cdph.ca.gov/Programs/CID/DCDC/Pages/Immunization/Influenza.aspx,Influenza (Flu),4,Low,2019-01-26 00:00:00,4,2018-19
California,https://www.cdph.ca.gov/Programs/CID/DCDC/Pages/Immunization/Influenza.aspx,Influenza (Flu),5,Low,2019-02-02 00:00:00,5,2018-19
New York,http://www.health.ny.gov/diseases/communicable/influenza/surveillance/,"Influenza Activity, Surveillance and Reports",8,High,2019-02-02 00:00:00,5,2018-19
California,https://www.cdph.ca.gov/Programs/CID/DCDC/Pages/Immunization/Influenza.aspx,Influenza (Flu),5,Low,2019-02-09 00:00:00,6,2018-19
New York,http://www.health.ny.gov/diseases/communicable/influenza/surveillance/,"Influenza Activity, Surveillance and Reports",9,High,2019-02-09 00:00:00,6,2018-19
California,https://www.cdph.ca.gov/Programs/CID/DCDC/Pages/Immunization/Influenza.aspx,Influenza (Flu),7,Moderate,2019-02-16 00:00:00,7,2018-19
New York,http://www.health.ny.gov/diseases/communicable/influenza/surveillance/,"Influenza Activity, Surveillance and Reports",10,High,2019-02-16 00:00:00,7,2018-19
California,https://www.cdph.ca.gov/Programs/CID/DCDC/Pages/Immunization/Influenza.aspx,Influenza (Flu),6,Moderate,2019-02-23 00:00:00,8,2018-19
New York,http://www.health.ny.gov/diseases/communicable/influenza/surveillance/,"Influenza Activity, Surveillance and Reports",10,High,2019-02-23 00:00:00,8,2018-19
California,https://www.cdph.ca.gov/Programs/CID/DCDC/Pages/Immunization/Influenza.aspx,Influenza (Flu),6,Moderate,2019-03-02 00:00:00,9,2018-19
New York,http://www.health.ny.gov/diseases/communicable/influenza/surveillance/,"Influenza Activity, Surveillance and Reports",7,Moderate,2019-03-02 00:00:00,9,2018-19
New York,http://www.health.ny.gov/diseases/communicable/influenza/surveillance/,"Influenza Activity, Surveillance and Reports",7,Moderate,2019-03-09 00:00:00,10,2018-19
California,https://www.cdph.ca.gov/Programs/CID/DCDC/Pages/Immunization/Influenza.aspx,Influenza (Flu),6,Moderate,2019-03-09 00:00:00,10,2018-19
New York,http://www.health.ny.gov/diseases/communicable/influenza/surveillance/,"Influenza Activity, Surveillance and Reports",7,Moderate,2019-03-16 00:00:00,11,2018-19
California,https://www.cdph.ca.gov/Programs/CID/DCDC/Pages/Immunization/Influenza.aspx,Influenza (Flu),6,Moderate,2019-03-16 00:00:00,11,2018-19
California,https://www.cdph.ca.gov/Programs/CID/DCDC/Pages/Immunization/Influenza.aspx,Influenza (Flu),6,Moderate,2019-03-23 00:00:00,12,2018-19
New York,http://www.health.ny.gov/diseases/communicable/influenza/surveillance/,"Influenza Activity, Surveillance and Reports",7,Moderate,2019-03-23 00:00:00,12,2018-19
California,https://www.cdph.ca.gov/Programs/CID/DCDC/Pages/Immunization/Influenza.aspx,Influenza (Flu),5,Low,2019-03-30 00:00:00,13,2018-19
New York,http://www.health.ny.gov/diseases/communicable/influenza/surveillance/,"Influenza Activity, Surveillance and Reports",6,Moderate,2019-03-30 00:00:00,13,2018-19
New York,http://www.health.ny.gov/diseases/communicable/influenza/surveillance/,"Influenza Activity, Surveillance and Reports",6,Moderate,2019-04-06 00:00:00,14,2018-19
California,https://www.cdph.ca.gov/Programs/CID/DCDC/Pages/Immunization/Influenza.aspx,Influenza (Flu),5,Low,2019-04-06 00:00:00,14,2018-19
California,https://www.cdph.ca.gov/Programs/CID/DCDC/Pages/Immunization/Influenza.aspx,Influenza (Flu),3,Minimal,2019-04-13 00:00:00,15,2018-19
New York,http://www.health.ny.gov/diseases/communicable/influenza/surveillance/,"Influenza Activity, Surveillance and Reports",4,Low,2019-04-13 00:00:00,15,2018-19
California,https://www.cdph.ca.gov/Programs/CID/DCDC/Pages/Immunization/Influenza.aspx,Influenza (Flu),3,Minimal,2019-04-20 00:00:00,16,2018-19
New York,http://www.health.ny.gov/diseases/communicable/influenza/surveillance/,"Influenza Activity, Surveillance and Reports",3,Minimal,2019-04-20 00:00:00,16,2018-19
California,https://www.cdph.ca.gov/Programs/CID/DCDC/Pages/Immunization/Influenza.aspx,Influenza (Flu),2,Minimal,2019-04-27 00:00:00,17,2018-19
New York,http://www.health.ny.gov/diseases/communicable/influenza/surveillance/,"Influenza Activity, Surveillance and Reports",2,Minimal,2019-04-27 00:00:00,17,2018-19
New York,http://www.health.ny.gov/diseases/communicable/influenza/surveillance/,"Influenza Activity, Surveillance and Reports",1,Minimal,2019-05-04 00:00:00,18,2018-19
California,https://www.cdph.ca.gov/Programs/CID/DCDC/Pages/Immunization/Influenza.aspx,Influenza (Flu),1,Minimal,2019-05-04 00:00:00,18,2018-19
California,https://www.cdph.ca.gov/Programs/CID/DCDC/Pages/Immunization/Influenza.aspx,Influenza (Flu),2,Minimal,2019-05-11 00:00:00,19,2018-19
New York,http://www.health.ny.gov/diseases/communicable/influenza/surveillance/,"Influenza Activity, Surveillance and Reports",1,Minimal,2019-05-11 00:00:00,19,2018-19
California,https://www.cdph.ca.gov/Programs/CID/DCDC/Pages/Immunization/Influenza.aspx,Influenza (Flu),1,Minimal,2019-05-18 00:00:00,20,2018-19
New York,http://www.health.ny.gov/diseases/communicable/influenza/surveillance/,"Influenza Activity, Surveillance and Reports",1,Minimal,2019-05-18 00:00:00,20,2018-19
New York,http://www.health.ny.gov/diseases/communicable/influenza/surveillance/,"Influenza Activity, Surveillance and Reports",1,Minimal,2019-05-25 00:00:00,21,2018-19
California,https://www.cdph.ca.gov/Programs/CID/DCDC/Pages/Immunization/Influenza.aspx,Influenza (Flu),1,Minimal,2019-05-25 00:00:00,21,2018-19
California,https://www.cdph.ca.gov/Programs/CID/DCDC/Pages/Immunization/Influenza.aspx,Influenza (Flu),2,Minimal,2019-06-01 00:00:00,22,2018-19
New York,http://www.health.ny.gov/diseases/communicable/influenza/surveillance/,"Influenza Activity, Surveillance and Reports",1,Minimal,2019-06-01 00:00:00,22,2018-19
New York,http://www.health.ny.gov/diseases/communicable/influenza/surveillance/,"Influenza Activity, Surveillance and Reports",1,Minimal,2019-06-08 00:00:00,23,2018-19
California,https://www.cdph.ca.gov/Programs/CID/DCDC/Pages/Immunization/Influenza.aspx,Influenza (Flu),1,Minimal,2019-06-08 00:00:00,23,2018-19
New York,http://www.health.ny.gov/diseases/communicable/influenza/surveillance/,"Influenza Activity, Surveillance and Reports",1,Minimal,2019-06-15 00:00:00,24,2018-19
California,https://www.cdph.ca.gov/Programs/CID/DCDC/Pages/Immunization/Influenza.aspx,Influenza (Flu),1,Minimal,2019-06-15 00:00:00,24,2018-19
New York,http://www.health.ny.gov/diseases/communicable/influenza/surveillance/,"Influenza Activity, Surveillance and Reports",1,Minimal,2019-06-22 00:00:00,25,2018-19
California,https://www.cdph.ca.gov/Programs/CID/DCDC/Pages/Immunization/Influenza.aspx,Influenza (Flu),1,Minimal,2019-06-22 00:00:00,25,2018-19
New York,http://www.health.ny.gov/diseases/communicable/influenza/surveillance/,"Influenza Activity, Surveillance and Reports",1,Minimal,2019-06-29 00:00:00,26,2018-19
California,https://www.cdph.ca.gov/Programs/CID/DCDC/Pages/Immunization/Influenza.aspx,Influenza (Flu),1,Minimal,2019-06-29 00:00:00,26,2018-19
New York,http://www.health.ny.gov/diseases/communicable/influenza/surveillance/,"Influenza Activity, Surveillance and Reports",1,Minimal,2019-07-06 00:00:00,27,2018-19
California,https://www.cdph.ca.gov/Programs/CID/DCDC/Pages/Immunization/Influenza.aspx,Influenza (Flu),1,Minimal,2019-07-06 00:00:00,27,2018-19
New York,http://www.health.ny.gov/diseases/communicable/influenza/surveillance/,"Influenza Activity, Surveillance and Reports",1,Minimal,2019-07-13 00:00:00,28,2018-19
California,https://www.cdph.ca.gov/Programs/CID/DCDC/Pages/Immunization/Influenza.aspx,Influenza (Flu),1,Minimal,2019-07-13 00:00:00,28,2018-19
California,https://www.cdph.ca.gov/Programs/CID/DCDC/Pages/Immunization/Influenza.aspx,Influenza (Flu),1,Minimal,2019-07-20 00:00:00,29,2018-19
New York,http://www.health.ny.gov/diseases/communicable/influenza/surveillance/,"Influenza Activity, Surveillance and Reports",1,Minimal,2019-07-20 00:00:00,29,2018-19
California,https://www.cdph.ca.gov/Programs/CID/DCDC/Pages/Immunization/Influenza.aspx,Influenza (Flu),1,Minimal,2019-07-27 00:00:00,30,2018-19
New York,http://www.health.ny.gov/diseases/communicable/influenza/surveillance/,"Influenza Activity, Surveillance and Reports",1,Minimal,2019-07-27 00:00:00,30,2018-19
New York,http://www.health.ny.gov/diseases/communicable/influenza/surveillance/,"Influenza Activity, Surveillance and Reports",1,Minimal,2019-08-03 00:00:00,31,2018-19
California,https://www.cdph.ca.gov/Programs/CID/DCDC/Pages/Immunization/Influenza.aspx,Influenza (Flu),1,Minimal,2019-08-03 00:00:00,31,2018-19
New York,http://www.health.ny.gov/diseases/communicable/influenza/surveillance/,"Influenza Activity, Surveillance and Reports",1,Minimal,2019-08-10 00:00:00,32,2018-19
California,https://www.cdph.ca.gov/Programs/CID/DCDC/Pages/Immunization/Influenza.aspx,Influenza (Flu),1,Minimal,2019-08-10 00:00:00,32,2018-19
New York,http://www.health.ny.gov/diseases/communicable/influenza/surveillance/,"Influenza Activity, Surveillance and Reports",1,Minimal,2019-08-17 00:00:00,33,2018-19
California,https://www.cdph.ca.gov/Programs/CID/DCDC/Pages/Immunization/Influenza.aspx,Influenza (Flu),1,Minimal,2019-08-17 00:00:00,33,2018-19
California,https://www.cdph.ca.gov/Programs/CID/DCDC/Pages/Immunization/Influenza.aspx,Influenza (Flu),1,Minimal,2019-08-24 00:00:00,34,2018-19
New York,http://www.health.ny.gov/diseases/communicable/influenza/surveillance/,"Influenza Activity, Surveillance and Reports",1,Minimal,2019-08-24 00:00:00,34,2018-19
New York,http://www.health.ny.gov/diseases/communicable/influenza/surveillance/,"Influenza Activity, Surveillance and Reports",1,Minimal,2019-08-31 00:00:00,35,2018-19
California,https://www.cdph.ca.gov/Programs/CID/DCDC/Pages/Immunization/Influenza.aspx,Influenza (Flu),1,Minimal,2019-08-31 00:00:00,35,2018-19
New York,http://www.health.ny.gov/diseases/communicable/influenza/surveillance/,"Influenza Activity, Surveillance and Reports",1,Minimal,2019-09-07 00:00:00,36,2018-19
California,https://www.cdph.ca.gov/Programs/CID/DCDC/Pages/Immunization/Influenza.aspx,Influenza (Flu),1,Minimal,2019-09-07 00:00:00,36,2018-19
California,https://www.cdph.ca.gov/Programs/CID/DCDC/Pages/Immunization/Influenza.aspx,Influenza (Flu),1,Minimal,2019-09-14 00:00:00,37,2018-19
New York,http://www.health.ny.gov/diseases/communicable/influenza/surveillance/,"Influenza Activity, Surveillance and Reports",1,Minimal,2019-09-14 00:00:00,37,2018-19
California,https://www.cdph.ca.gov/Programs/CID/DCDC/Pages/Immunization/Influenza.aspx,Influenza (Flu),1,Minimal,2019-09-21 00:00:00,38,2018-19
New York,http://www.health.ny.gov/diseases/communicable/influenza/surveillance/,"Influenza Activity, Surveillance and Reports",1,Minimal,2019-09-21 00:00:00,38,2018-19
New York,http://www.health.ny.gov/diseases/communicable/influenza/surveillance/,"Influenza Activity, Surveillance and Reports",1,Minimal,2019-09-28 00:00:00,39,2018-19
California,https://www.cdph.ca.gov/Programs/CID/DCDC/Pages/Immunization/Influenza.aspx,Influenza (Flu),1,Minimal,2019-09-28 00:00:00,39,2018-19
California,https://www.cdph.ca.gov/Programs/CID/DCDC/Pages/Immunization/Influenza.aspx,Influenza (Flu),1,Minimal,2019-10-05 00:00:00,40,2019-20
New York,http://www.health.ny.gov/diseases/communicable/influenza/surveillance/,"Influenza Activity, Surveillance and Reports",1,Minimal,2019-10-05 00:00:00,40,2019-20
California,https://www.cdph.ca.gov/Programs/CID/DCDC/Pages/Immunization/Influenza.aspx,Influenza (Flu),1,Minimal,2019-10-12 00:00:00,41,2019-20
New York,http://www.health.ny.gov/diseases/communicable/influenza/surveillance/,"Influenza Activity, Surveillance and Reports",1,Minimal,2019-10-12 00:00:00,41,2019-20
California,https://www.cdph.ca.gov/Programs/CID/DCDC/Pages/Immunization/Influenza.aspx,Influenza (Flu),1,Minimal,2019-10-19 00:00:00,42,2019-20
New York,http://www.health.ny.gov/diseases/communicable/influenza/surveillance/,"Influenza Activity, Surveillance and Reports",1,Minimal,2019-10-19 00:00:00,42,2019-20
New York,http://www.health.ny.gov/diseases/communicable/influenza/surveillance/,"Influenza Activity, Surveillance and Reports",1,Minimal,2019-10-26 00:00:00,43,2019-20
California,https://www.cdph.ca.gov/Programs/CID/DCDC/Pages/Immunization/Influenza.aspx,Influenza (Flu),1,Minimal,2019-10-26 00:00:00,43,2019-20
California,https://www.cdph.ca.gov/Programs/CID/DCDC/Pages/Immunization/Influenza.aspx,Influenza (Flu),1,Minimal,2019-11-02 00:00:00,44,2019-20
New York,http://www.health.ny.gov/diseases/communicable/influenza/surveillance/,"Influenza Activity, Surveillance and Reports",2,Minimal,2019-11-02 00:00:00,44,2019-20
New York,http://www.health.ny.gov/diseases/communicable/influenza/surveillance/,"Influenza Activity, Surveillance and Reports",2,Minimal,2019-11-09 00:00:00,45,2019-20
California,https://www.cdph.ca.gov/Programs/CID/DCDC/Pages/Immunization/Influenza.aspx,Influenza (Flu),2,Minimal,2019-11-09 00:00:00,45,2019-20
New York,http://www.health.ny.gov/diseases/communicable/influenza/surveillance/,"Influenza Activity, Surveillance and Reports",2,Minimal,2019-11-16 00:00:00,46,2019-20
California,https://www.cdph.ca.gov/Programs/CID/DCDC/Pages/Immunization/Influenza.aspx,Influenza (Flu),3,Minimal,2019-11-16 00:00:00,46,2019-20
New York,http://www.health.ny.gov/diseases/communicable/influenza/surveillance/,"Influenza Activity, Surveillance and Reports",2,Minimal,2019-11-23 00:00:00,47,2019-20
California,https://www.cdph.ca.gov/Programs/CID/DCDC/Pages/Immunization/Influenza.aspx,Influenza (Flu),3,Minimal,2019-11-23 00:00:00,47,2019-20
New York,http://www.health.ny.gov/diseases/communicable/influenza/surveillance/,"Influenza Activity, Surveillance and Reports",4,Low,2019-11-30 00:00:00,48,2019-20
California,https://www.cdph.ca.gov/Programs/CID/DCDC/Pages/Immunization/Influenza.aspx,Influenza (Flu),4,Low,2019-11-30 00:00:00,48,2019-20
New York,http://www.health.ny.gov/diseases/communicable/influenza/surveillance/,"Influenza Activity, Surveillance and Reports",3,Minimal,2019-12-07 00:00:00,49,2019-20
California,https://www.cdph.ca.gov/Programs/CID/DCDC/Pages/Immunization/Influenza.aspx,Influenza (Flu),4,Low,2019-12-07 00:00:00,49,2019-20
California,https://www.cdph.ca.gov/Programs/CID/DCDC/Pages/Immunization/Influenza.aspx,Influenza (Flu),4,Low,2019-12-14 00:00:00,50,2019-20
New York,http://www.health.ny.gov/diseases/communicable/influenza/surveillance/,"Influenza Activity, Surveillance and Reports",5,Low,2019-12-14 00:00:00,50,2019-20
New York,http://www.health.ny.gov/diseases/communicable/influenza/surveillance/,"Influenza Activity, Surveillance and Reports",8,High,2019-12-21 00:00:00,51,2019-20
California,https://www.cdph.ca.gov/Programs/CID/DCDC/Pages/Immunization/Influenza.aspx,Influenza (Flu),5,Low,2019-12-21 00:00:00,51,2019-20
California,https://www.cdph.ca.gov/Programs/CID/DCDC/Pages/Immunization/Influenza.aspx,Influenza (Flu),10,High,2019-12-28 00:00:00,52,2019-20
New York,http://www.health.ny.gov/diseases/communicable/influenza/surveillance/,"Influenza Activity, Surveillance and Reports",10,High,2019-12-28 00:00:00,52,2019-20
California,https://www.cdph.ca.gov/Programs/CID/DCDC/Pages/Immunization/Influenza.aspx,Influenza (Flu),10,High,2020-01-04 00:00:00,1,2019-20
New York,http://www.health.ny.gov/diseases/communicable/influenza/surveillance/,"Influenza Activity, Surveillance and Reports",10,High,2020-01-04 00:00:00,1,2019-20
New York,http://www.health.ny.gov/diseases/communicable/influenza/surveillance/,"Influenza Activity, Surveillance and Reports",9,High,2020-01-11 00:00:00,2,2019-20
California,https://www.cdph.ca.gov/Programs/CID/DCDC/Pages/Immunization/Influenza.aspx,Influenza (Flu),8,High,2020-01-11 00:00:00,2,2019-20
New York,http://www.health.ny.gov/diseases/communicable/influenza/surveillance/,"Influenza Activity, Surveillance and Reports",10,High,2020-01-18 00:00:00,3,2019-20
California,https://www.cdph.ca.gov/Programs/CID/DCDC/Pages/Immunization/Influenza.aspx,Influenza (Flu),9,High,2020-01-18 00:00:00,3,2019-20
New York,http://www.health.ny.gov/diseases/communicable/influenza/surveillance/,"Influenza Activity, Surveillance and Reports",11,Very High,2020-01-25 00:00:00,4,2019-20
California,https://www.cdph.ca.gov/Programs/CID/DCDC/Pages/Immunization/Influenza.aspx,Influenza (Flu),10,High,2020-01-25 00:00:00,4,2019-20
New York,http://www.health.ny.gov/diseases/communicable/influenza/surveillance/,"Influenza Activity, Surveillance and Reports",12,Very High,2020-02-01 00:00:00,5,2019-20
California,https://www.cdph.ca.gov/Programs/CID/DCDC/Pages/Immunization/Influenza.aspx,Influenza (Flu),10,High,2020-02-01 00:00:00,5,2019-20
California,https://www.cdph.ca.gov/Programs/CID/DCDC/Pages/Immunization/Influenza.aspx,Influenza (Flu),10,High,2020-02-08 00:00:00,6,2019-20
New York,http://www.health.ny.gov/diseases/communicable/influenza/surveillance/,"Influenza Activity, Surveillance and Reports",12,Very High,2020-02-08 00:00:00,6,2019-20
California,https://www.cdph.ca.gov/Programs/CID/DCDC/Pages/Immunization/Influenza.aspx,Influenza (Flu),10,High,2020-02-15 00:00:00,7,2019-20
New York,http://www.health.ny.gov/diseases/communicable/influenza/surveillance/,"Influenza Activity, Surveillance and Reports",11,Very High,2020-02-15 00:00:00,7,2019-20
California,https://www.cdph.ca.gov/Programs/CID/DCDC/Pages/Immunization/Influenza.aspx,Influenza (Flu),9,High,2020-02-22 00:00:00,8,2019-20
New York,http://www.health.ny.gov/diseases/communicable/influenza/surveillance/,"Influenza Activity, Surveillance and Reports",10,High,2020-02-22 00:00:00,8,2019-20
California,https://www.cdph.ca.gov/Programs/CID/DCDC/Pages/Immunization/Influenza.aspx,Influenza (Flu),8,High,2020-02-29 00:00:00,9,2019-20
New York,http://www.health.ny.gov/diseases/communicable/influenza/surveillance/,"Influenza Activity, Surveillance and Reports",9,High,2020-02-29 00:00:00,9,2019-20
New York,http://www.health.ny.gov/diseases/communicable/influenza/surveillance/,"Influenza Activity, Surveillance and Reports",9,High,2020-03-07 00:00:00,10,2019-20
California,https://www.cdph.ca.gov/Programs/CID/DCDC/Pages/Immunization/Influenza.aspx,Influenza (Flu),8,High,2020-03-07 00:00:00,10,2019-20
New York,http://www.health.ny.gov/diseases/communicable/influenza/surveillance/,"Influenza Activity, Surveillance and Reports",11,Very High,2020-03-14 00:00:00,11,2019-20
California,https://www.cdph.ca.gov/Programs/CID/DCDC/Pages/Immunization/Influenza.aspx,Influenza (Flu),9,High,2020-03-14 00:00:00,11,2019-20
New York,http://www.health.ny.gov/diseases/communicable/influenza/surveillance/,"Influenza Activity, Surveillance and Reports",13,Very High,2020-03-21 00:00:00,12,2019-20
California,https://www.cdph.ca.gov/Programs/CID/DCDC/Pages/Immunization/Influenza.aspx,Influenza (Flu),10,High,2020-03-21 00:00:00,12,2019-20
California,https://www.cdph.ca.gov/Programs/CID/DCDC/Pages/Immunization/Influenza.aspx,Influenza (Flu),8,High,2020-03-28 00:00:00,13,2019-20
New York,http://www.health.ny.gov/diseases/communicable/influenza/surveillance/,"Influenza Activity, Surveillance and Reports",13,Very High,2020-03-28 00:00:00,13,2019-20
New York,http://www.health.ny.gov/diseases/communicable/influenza/surveillance/,"Influenza Activity, Surveillance and Reports",12,Very High,2020-04-04 00:00:00,14,2019-20
California,https://www.cdph.ca.gov/Programs/CID/DCDC/Pages/Immunization/Influenza.aspx,Influenza (Flu),4,Low,2020-04-04 00:00:00,14,2019-20
New York,http://www.health.ny.gov/diseases/communicable/influenza/surveillance/,"Influenza Activity, Surveillance and Reports",10,High,2020-04-11 00:00:00,15,2019-20
California,https://www.cdph.ca.gov/Programs/CID/DCDC/Pages/Immunization/Influenza.aspx,Influenza (Flu),3,Minimal,2020-04-11 00:00:00,15,2019-20
New York,http://www.health.ny.gov/diseases/communicable/influenza/surveillance/,"Influenza Activity, Surveillance and Reports",8,High,2020-04-18 00:00:00,16,2019-20
California,https://www.cdph.ca.gov/Programs/CID/DCDC/Pages/Immunization/Influenza.aspx,Influenza (Flu),1,Minimal,2020-04-18 00:00:00,16,2019-20
California,https://www.cdph.ca.gov/Programs/CID/DCDC/Pages/Immunization/Influenza.aspx,Influenza (Flu),1,Minimal,2020-04-25 00:00:00,17,2019-20
New York,http://www.health.ny.gov/diseases/communicable/influenza/surveillance/,"Influenza Activity, Surveillance and Reports",4,Low,2020-04-25 00:00:00,17,2019-20
California,https://www.cdph.ca.gov/Programs/CID/DCDC/Pages/Immunization/Influenza.aspx,Influenza (Flu),1,Minimal,2020-05-02 00:00:00,18,2019-20
New York,http://www.health.ny.gov/diseases/communicable/influenza/surveillance/,"Influenza Activity, Surveillance and Reports",2,Minimal,2020-05-02 00:00:00,18,2019-20
New York,http://www.health.ny.gov/diseases/communicable/influenza/surveillance/,"Influenza Activity, Surveillance and Reports",1,Minimal,2020-05-09 00:00:00,19,2019-20
California,https://www.cdph.ca.gov/Programs/CID/DCDC/Pages/Immunization/Influenza.aspx,Influenza (Flu),1,Minimal,2020-05-09 00:00:00,19,2019-20
California,https://www.cdph.ca.gov/Programs/CID/DCDC/Pages/Immunization/Influenza.aspx,Influenza (Flu),1,Minimal,2020-05-16 00:00:00,20,2019-20
New York,http://www.health.ny.gov/diseases/communicable/influenza/surveillance/,"Influenza Activity, Surveillance and Reports",1,Minimal,2020-05-16 00:00:00,20,2019-20
California,https://www.cdph.ca.gov/Programs/CID/DCDC/Pages/Immunization/Influenza.aspx,Influenza (Flu),1,Minimal,2020-05-23 00:00:00,21,2019-20
New York,http://www.health.ny.gov/diseases/communicable/influenza/surveillance/,"Influenza Activity, Surveillance and Reports",1,Minimal,2020-05-23 00:00:00,21,2019-20
California,https://www.cdph.ca.gov/Programs/CID/DCDC/Pages/Immunization/Influenza.aspx,Influenza (Flu),1,Minimal,2020-05-30 00:00:00,22,2019-20
New York,http://www.health.ny.gov/diseases/communicable/influenza/surveillance/,"Influenza Activity, Surveillance and Reports",1,Minimal,2020-05-30 00:00:00,22,2019-20
New York,http://www.health.ny.gov/diseases/communicable/influenza/surveillance/,"Influenza Activity, Surveillance and Reports",1,Minimal,2020-06-06 00:00:00,23,2019-20
California,https://www.cdph.ca.gov/Programs/CID/DCDC/Pages/Immunization/Influenza.aspx,Influenza (Flu),1,Minimal,2020-06-06 00:00:00,23,2019-20
New York,http://www.health.ny.gov/diseases/communicable/influenza/surveillance/,"Influenza Activity, Surveillance and Reports",1,Minimal,2020-06-13 00:00:00,24,2019-20
California,https://www.cdph.ca.gov/Programs/CID/DCDC/Pages/Immunization/Influenza.aspx,Influenza (Flu),1,Minimal,2020-06-13 00:00:00,24,2019-20
California,https://www.cdph.ca.gov/Programs/CID/DCDC/Pages/Immunization/Influenza.aspx,Influenza (Flu),1,Minimal,2020-06-20 00:00:00,25,2019-20
New York,http://www.health.ny.gov/diseases/communicable/influenza/surveillance/,"Influenza Activity, Surveillance and Reports",1,Minimal,2020-06-20 00:00:00,25,2019-20
California,https://www.cdph.ca.gov/Programs/CID/DCDC/Pages/Immunization/Influenza.aspx,Influenza (Flu),1,Minimal,2020-06-27 00:00:00,26,2019-20
New York,http://www.health.ny.gov/diseases/communicable/influenza/surveillance/,"Influenza Activity, Surveillance and Reports",1,Minimal,2020-06-27 00:00:00,26,2019-20
California,https://www.cdph.ca.gov/Programs/CID/DCDC/Pages/Immunization/Influenza.aspx,Influenza (Flu),1,Minimal,2020-07-04 00:00:00,27,2019-20
New York,http://www.health.ny.gov/diseases/communicable/influenza/surveillance/,"Influenza Activity, Surveillance and Reports",1,Minimal,2020-07-04 00:00:00,27,2019-20
California,https://www.cdph.ca.gov/Programs/CID/DCDC/Pages/Immunization/Influenza.aspx,Influenza (Flu),1,Minimal,2020-07-11 00:00:00,28,2019-20
New York,http://www.health.ny.gov/diseases/communicable/influenza/surveillance/,"Influenza Activity, Surveillance and Reports",1,Minimal,2020-07-11 00:00:00,28,2019-20
California,https://www.cdph.ca.gov/Programs/CID/DCDC/Pages/Immunization/Influenza.aspx,Influenza (Flu),1,Minimal,2020-07-18 00:00:00,29,2019-20
New York,http://www.health.ny.gov/diseases/communicable/influenza/surveillance/,"Influenza Activity, Surveillance and Reports",1,Minimal,2020-07-18 00:00:00,29,2019-20
California,https://www.cdph.ca.gov/Programs/CID/DCDC/Pages/Immunization/Influenza.aspx,Influenza (Flu),1,Minimal,2020-07-25 00:00:00,30,2019-20
New York,http://www.health.ny.gov/diseases/communicable/influenza/surveillance/,"Influenza Activity, Surveillance and Reports",1,Minimal,2020-07-25 00:00:00,30,2019-20
California,https://www.cdph.ca.gov/Programs/CID/DCDC/Pages/Immunization/Influenza.aspx,Influenza (Flu),1,Minimal,2020-08-01 00:00:00,31,2019-20
New York,http://www.health.ny.gov/diseases/communicable/influenza/surveillance/,"Influenza Activity, Surveillance and Reports",1,Minimal,2020-08-01 00:00:00,31,2019-20
California,https://www.cdph.ca.gov/Programs/CID/DCDC/Pages/Immunization/Influenza.aspx,Influenza (Flu),1,Minimal,2020-08-08 00:00:00,32,2019-20
New York,http://www.health.ny.gov/diseases/communicable/influenza/surveillance/,"Influenza Activity, Surveillance and Reports",1,Minimal,2020-08-08 00:00:00,32,2019-20
California,https://www.cdph.ca.gov/Programs/CID/DCDC/Pages/Immunization/Influenza.aspx,Influenza (Flu),1,Minimal,2020-08-15 00:00:00,33,2019-20
New York,http://www.health.ny.gov/diseases/communicable/influenza/surveillance/,"Influenza Activity, Surveillance and Reports",1,Minimal,2020-08-15 00:00:00,33,2019-20
California,https://www.cdph.ca.gov/Programs/CID/DCDC/Pages/Immunization/Influenza.aspx,Influenza (Flu),1,Minimal,2020-08-22 00:00:00,34,2019-20
New York,http://www.health.ny.gov/diseases/communicable/influenza/surveillance/,"Influenza Activity, Surveillance and Reports",1,Minimal,2020-08-22 00:00:00,34,2019-20
New York,http://www.health.ny.gov/diseases/communicable/influenza/surveillance/,"Influenza Activity, Surveillance and Reports",1,Minimal,2020-08-29 00:00:00,35,2019-20
California,https://www.cdph.ca.gov/Programs/CID/DCDC/Pages/Immunization/Influenza.aspx,Influenza (Flu),1,Minimal,2020-08-29 00:00:00,35,2019-20
California,https://www.cdph.ca.gov/Programs/CID/DCDC/Pages/Immunization/Influenza.aspx,Influenza (Flu),1,Minimal,2020-09-05 00:00:00,36,2019-20
New York,http://www.health.ny.gov/diseases/communicable/influenza/surveillance/,"Influenza Activity, Surveillance and Reports",1,Minimal,2020-09-05 00:00:00,36,2019-20
California,https://www.cdph.ca.gov/Programs/CID/DCDC/Pages/Immunization/Influenza.aspx,Influenza (Flu),1,Minimal,2020-09-12 00:00:00,37,2019-20
New York,http://www.health.ny.gov/diseases/communicable/influenza/surveillance/,"Influenza Activity, Surveillance and Reports",1,Minimal,2020-09-12 00:00:00,37,2019-20
California,https://www.cdph.ca.gov/Programs/CID/DCDC/Pages/Immunization/Influenza.aspx,Influenza (Flu),1,Minimal,2020-09-19 00:00:00,38,2019-20
New York,http://www.health.ny.gov/diseases/communicable/influenza/surveillance/,"Influenza Activity, Surveillance and Reports",1,Minimal,2020-09-19 00:00:00,38,2019-20
New York,http://www.health.ny.gov/diseases/communicable/influenza/surveillance/,"Influenza Activity, Surveillance and Reports",1,Minimal,2020-09-26 00:00:00,39,2019-20
California,https://www.cdph.ca.gov/Programs/CID/DCDC/Pages/Immunization/Influenza.aspx,Influenza (Flu),1,Minimal,2020-09-26 00:00:00,39,2019-20
California,https://www.cdph.ca.gov/Programs/CID/DCDC/Pages/Immunization/Influenza.aspx,Influenza (Flu),1,Minimal,2020-10-03 00:00:00,40,2020-21
New York,http://www.health.ny.gov/diseases/communicable/influenza/surveillance/,"Influenza Activity, Surveillance and Reports",1,Minimal,2020-10-03 00:00:00,40,2020-21
New York,http://www.health.ny.gov/diseases/communicable/influenza/surveillance/,"Influenza Activity, Surveillance and Reports",1,Minimal,2020-10-10 00:00:00,41,2020-21
California,https://www.cdph.ca.gov/Programs/CID/DCDC/Pages/Immunization/Influenza.aspx,Influenza (Flu),1,Minimal,2020-10-10 00:00:00,41,2020-21
New York,http://www.health.ny.gov/diseases/communicable/influenza/surveillance/,"Influenza Activity, Surveillance and Reports",1,Minimal,2020-10-17 00:00:00,42,2020-21
California,https://www.cdph.ca.gov/Programs/CID/DCDC/Pages/Immunization/Influenza.aspx,Influenza (Flu),1,Minimal,2020-10-17 00:00:00,42,2020-21
New York,http://www.health.ny.gov/diseases/communicable/influenza/surveillance/,"Influenza Activity, Surveillance and Reports",1,Minimal,2020-10-24 00:00:00,43,2020-21
California,https://www.cdph.ca.gov/Programs/CID/DCDC/Pages/Immunization/Influenza.aspx,Influenza (Flu),1,Minimal,2020-10-24 00:00:00,43,2020-21
New York,http://www.health.ny.gov/diseases/communicable/influenza/surveillance/,"Influenza Activity, Surveillance and Reports",1,Minimal,2020-10-31 00:00:00,44,2020-21
California,https://www.cdph.ca.gov/Programs/CID/DCDC/Pages/Immunization/Influenza.aspx,Influenza (Flu),1,Minimal,2020-10-31 00:00:00,44,2020-21
New York,http://www.health.ny.gov/diseases/communicable/influenza/surveillance/,"Influenza Activity, Surveillance and Reports",1,Minimal,2020-11-07 00:00:00,45,2020-21
California,https://www.cdph.ca.gov/Programs/CID/DCDC/Pages/Immunization/Influenza.aspx,Influenza (Flu),1,Minimal,2020-11-07 00:00:00,45,2020-21
New York,http://www.health.ny.gov/diseases/communicable/influenza/surveillance/,"Influenza Activity, Surveillance and Reports",1,Minimal,2020-11-14 00:00:00,46,2020-21
California,https://www.cdph.ca.gov/Programs/CID/DCDC/Pages/Immunization/Influenza.aspx,Influenza (Flu),1,Minimal,2020-11-14 00:00:00,46,2020-21
New York,http://www.health.ny.gov/diseases/communicable/influenza/surveillance/,"Influenza Activity, Surveillance and Reports",1,Minimal,2020-11-21 00:00:00,47,2020-21
California,https://www.cdph.ca.gov/Programs/CID/DCDC/Pages/Immunization/Influenza.aspx,Influenza (Flu),1,Minimal,2020-11-21 00:00:00,47,2020-21
California,https://www.cdph.ca.gov/Programs/CID/DCDC/Pages/Immunization/Influenza.aspx,Influenza (Flu),1,Minimal,2020-11-28 00:00:00,48,2020-21
New York,http://www.health.ny.gov/diseases/communicable/influenza/surveillance/,"Influenza Activity, Surveillance and Reports",1,Minimal,2020-11-28 00:00:00,48,2020-21
New York,http://www.health.ny.gov/diseases/communicable/influenza/surveillance/,"Influenza Activity, Surveillance and Reports",2,Minimal,2020-12-05 00:00:00,49,2020-21
California,https://www.cdph.ca.gov/Programs/CID/DCDC/Pages/Immunization/Influenza.aspx,Influenza (Flu),1,Minimal,2020-12-05 00:00:00,49,2020-21
New York,http://www.health.ny.gov/diseases/communicable/influenza/surveillance/,"Influenza Activity, Surveillance and Reports",2,Minimal,2020-12-12 00:00:00,50,2020-21
California,https://www.cdph.ca.gov/Programs/CID/DCDC/Pages/Immunization/Influenza.aspx,Influenza (Flu),1,Minimal,2020-12-12 00:00:00,50,2020-21
New York,http://www.health.ny.gov/diseases/communicable/influenza/surveillance/,"Influenza Activity, Surveillance and Reports",2,Minimal,2020-12-19 00:00:00,51,2020-21
California,https://www.cdph.ca.gov/Programs/CID/DCDC/Pages/Immunization/Influenza.aspx,Influenza (Flu),1,Minimal,2020-12-19 00:00:00,51,2020-21
New York,http://www.health.ny.gov/diseases/communicable/influenza/surveillance/,"Influenza Activity, Surveillance and Reports",2,Minimal,2020-12-26 00:00:00,52,2020-21
California,https://www.cdph.ca.gov/Programs/CID/DCDC/Pages/Immunization/Influenza.aspx,Influenza (Flu),3,Minimal,2020-12-26 00:00:00,52,2020-21
New York,http://www.health.ny.gov/diseases/communicable/influenza/surveillance/,"Influenza Activity, Surveillance and Reports",3,Minimal,2021-01-02 00:00:00,53,2020-21
California,https://www.cdph.ca.gov/Programs/CID/DCDC/Pages/Immunization/Influenza.aspx,Influenza (Flu),3,Minimal,2021-01-02 00:00:00,53,2020-21
New York,http://www.health.ny.gov/diseases/communicable/influenza/surveillance/,"Influenza Activity, Surveillance and Reports",3,Minimal,2021-01-09 00:00:00,1,2020-21
California,https://www.cdph.ca.gov/Programs/CID/DCDC/Pages/Immunization/Influenza.aspx,Influenza (Flu),2,Minimal,2021-01-09 00:00:00,1,2020-21
New York,http://www.health.ny.gov/diseases/communicable/influenza/surveillance/,"Influenza Activity, Surveillance and Reports",1,Minimal,2021-01-16 00:00:00,2,2020-21
California,https://www.cdph.ca.gov/Programs/CID/DCDC/Pages/Immunization/Influenza.aspx,Influenza (Flu),1,Minimal,2021-01-16 00:00:00,2,2020-21
California,https://www.cdph.ca.gov/Programs/CID/DCDC/Pages/Immunization/Influenza.aspx,Influenza (Flu),1,Minimal,2021-01-23 00:00:00,3,2020-21
New York,http://www.health.ny.gov/diseases/communicable/influenza/surveillance/,"Influenza Activity, Surveillance and Reports",2,Minimal,2021-01-23 00:00:00,3,2020-21
California,https://www.cdph.ca.gov/Programs/CID/DCDC/Pages/Immunization/Influenza.aspx,Influenza (Flu),1,Minimal,2021-01-30 00:00:00,4,2020-21
New York,http://www.health.ny.gov/diseases/communicable/influenza/surveillance/,"Influenza Activity, Surveillance and Reports",1,Minimal,2021-01-30 00:00:00,4,2020-21
New York,http://www.health.ny.gov/diseases/communicable/influenza/surveillance/,"Influenza Activity, Surveillance and Reports",1,Minimal,2021-02-06 00:00:00,5,2020-21
California,https://www.cdph.ca.gov/Programs/CID/DCDC/Pages/Immunization/Influenza.aspx,Influenza (Flu),1,Minimal,2021-02-06 00:00:00,5,2020-21
California,https://www.cdph.ca.gov/Programs/CID/DCDC/Pages/Immunization/Influenza.aspx,Influenza (Flu),1,Minimal,2021-02-13 00:00:00,6,2020-21
New York,http://www.health.ny.gov/diseases/communicable/influenza/surveillance/,"Influenza Activity, Surveillance and Reports",1,Minimal,2021-02-13 00:00:00,6,2020-21
California,https://www.cdph.ca.gov/Programs/CID/DCDC/Pages/Immunization/Influenza.aspx,Influenza (Flu),1,Minimal,2021-02-20 00:00:00,7,2020-21
New York,http://www.health.ny.gov/diseases/communicable/influenza/surveillance/,"Influenza Activity, Surveillance and Reports",1,Minimal,2021-02-20 00:00:00,7,2020-21
New York,http://www.health.ny.gov/diseases/communicable/influenza/surveillance/,"Influenza Activity, Surveillance and Reports",1,Minimal,2021-02-27 00:00:00,8,2020-21
California,https://www.cdph.ca.gov/Programs/CID/DCDC/Pages/Immunization/Influenza.aspx,Influenza (Flu),1,Minimal,2021-02-27 00:00:00,8,2020-21
New York,http://www.health.ny.gov/diseases/communicable/influenza/surveillance/,"Influenza Activity, Surveillance and Reports",1,Minimal,2021-03-06 00:00:00,9,2020-21
California,https://www.cdph.ca.gov/Programs/CID/DCDC/Pages/Immunization/Influenza.aspx,Influenza (Flu),1,Minimal,2021-03-06 00:00:00,9,2020-21
New York,http://www.health.ny.gov/diseases/communicable/influenza/surveillance/,"Influenza Activity, Surveillance and Reports",1,Minimal,2021-03-13 00:00:00,10,2020-21
California,https://www.cdph.ca.gov/Programs/CID/DCDC/Pages/Immunization/Influenza.aspx,Influenza (Flu),1,Minimal,2021-03-13 00:00:00,10,2020-21
New York,http://www.health.ny.gov/diseases/communicable/influenza/surveillance/,"Influenza Activity, Surveillance and Reports",1,Minimal,2021-03-20 00:00:00,11,2020-21
California,https://www.cdph.ca.gov/Programs/CID/DCDC/Pages/Immunization/Influenza.aspx,Influenza (Flu),1,Minimal,2021-03-20 00:00:00,11,2020-21
New York,http://www.health.ny.gov/diseases/communicable/influenza/surveillance/,"Influenza Activity, Surveillance and Reports",1,Minimal,2021-03-27 00:00:00,12,2020-21
California,https://www.cdph.ca.gov/Programs/CID/DCDC/Pages/Immunization/Influenza.aspx,Influenza (Flu),1,Minimal,2021-03-27 00:00:00,12,2020-21
California,https://www.cdph.ca.gov/Programs/CID/DCDC/Pages/Immunization/Influenza.aspx,Influenza (Flu),1,Minimal,2021-04-03 00:00:00,13,2020-21
New York,http://www.health.ny.gov/diseases/communicable/influenza/surveillance/,"Influenza Activity, Surveillance and Reports",1,Minimal,2021-04-03 00:00:00,13,2020-21
California,https://www.cdph.ca.gov/Programs/CID/DCDC/Pages/Immunization/Influenza.aspx,Influenza (Flu),1,Minimal,2021-04-10 00:00:00,14,2020-21
New York,http://www.health.ny.gov/diseases/communicable/influenza/surveillance/,"Influenza Activity, Surveillance and Reports",1,Minimal,2021-04-10 00:00:00,14,2020-21
California,https://www.cdph.ca.gov/Programs/CID/DCDC/Pages/Immunization/Influenza.aspx,Influenza (Flu),1,Minimal,2021-04-17 00:00:00,15,2020-21
New York,http://www.health.ny.gov/diseases/communicable/influenza/surveillance/,"Influenza Activity, Surveillance and Reports",1,Minimal,2021-04-17 00:00:00,15,2020-21
New York,http://www.health.ny.gov/diseases/communicable/influenza/surveillance/,"Influenza Activity, Surveillance and Reports",1,Minimal,2021-04-24 00:00:00,16,2020-21
California,https://www.cdph.ca.gov/Programs/CID/DCDC/Pages/Immunization/Influenza.aspx,Influenza (Flu),1,Minimal,2021-04-24 00:00:00,16,2020-21
California,https://www.cdph.ca.gov/Programs/CID/DCDC/Pages/Immunization/Influenza.aspx,Influenza (Flu),1,Minimal,2021-05-01 00:00:00,17,2020-21
New York,http://www.health.ny.gov/diseases/communicable/influenza/surveillance/,"Influenza Activity, Surveillance and Reports",1,Minimal,2021-05-01 00:00:00,17,2020-21
California,https://www.cdph.ca.gov/Programs/CID/DCDC/Pages/Immunization/Influenza.aspx,Influenza (Flu),1,Minimal,2021-05-08 00:00:00,18,2020-21
New York,http://www.health.ny.gov/diseases/communicable/influenza/surveillance/,"Influenza Activity, Surveillance and Reports",1,Minimal,2021-05-08 00:00:00,18,2020-21
California,https://www.cdph.ca.gov/Programs/CID/DCDC/Pages/Immunization/Influenza.aspx,Influenza (Flu),1,Minimal,2021-05-15 00:00:00,19,2020-21
New York,http://www.health.ny.gov/diseases/communicable/influenza/surveillance/,"Influenza Activity, Surveillance and Reports",2,Minimal,2021-05-15 00:00:00,19,2020-21
California,https://www.cdph.ca.gov/Programs/CID/DCDC/Pages/Immunization/Influenza.aspx,Influenza (Flu),1,Minimal,2021-05-22 00:00:00,20,2020-21
New York,http://www.health.ny.gov/diseases/communicable/influenza/surveillance/,"Influenza Activity, Surveillance and Reports",1,Minimal,2021-05-22 00:00:00,20,2020-21
New York,http://www.health.ny.gov/diseases/communicable/influenza/surveillance/,"Influenza Activity, Surveillance and Reports",1,Minimal,2021-05-29 00:00:00,21,2020-21
California,https://www.cdph.ca.gov/Programs/CID/DCDC/Pages/Immunization/Influenza.aspx,Influenza (Flu),1,Minimal,2021-05-29 00:00:00,21,2020-21
New York,http://www.health.ny.gov/diseases/communicable/influenza/surveillance/,"Influenza Activity, Surveillance and Reports",1,Minimal,2021-06-05 00:00:00,22,2020-21
California,https://www.cdph.ca.gov/Programs/CID/DCDC/Pages/Immunization/Influenza.aspx,Influenza (Flu),1,Minimal,2021-06-05 00:00:00,22,2020-21
California,https://www.cdph.ca.gov/Programs/CID/DCDC/Pages/Immunization/Influenza.aspx,Influenza (Flu),1,Minimal,2021-06-12 00:00:00,23,2020-21
New York,http://www.health.ny.gov/diseases/communicable/influenza/surveillance/,"Influenza Activity, Surveillance and Reports",1,Minimal,2021-06-12 00:00:00,23,2020-21
California,https://www.cdph.ca.gov/Programs/CID/DCDC/Pages/Immunization/Influenza.aspx,Influenza (Flu),1,Minimal,2021-06-19 00:00:00,24,2020-21
New York,http://www.health.ny.gov/diseases/communicable/influenza/surveillance/,"Influenza Activity, Surveillance and Reports",1,Minimal,2021-06-19 00:00:00,24,2020-21
California,https://www.cdph.ca.gov/Programs/CID/DCDC/Pages/Immunization/Influenza.aspx,Influenza (Flu),1,Minimal,2021-06-26 00:00:00,25,2020-21
New York,http://www.health.ny.gov/diseases/communicable/influenza/surveillance/,"Influenza Activity, Surveillance and Reports",1,Minimal,2021-06-26 00:00:00,25,2020-21
California,https://www.cdph.ca.gov/Programs/CID/DCDC/Pages/Immunization/Influenza.aspx,Influenza (Flu),1,Minimal,2021-07-03 00:00:00,26,2020-21
New York,http://www.health.ny.gov/diseases/communicable/influenza/surveillance/,"Influenza Activity, Surveillance and Reports",1,Minimal,2021-07-03 00:00:00,26,2020-21
New York,http://www.health.ny.gov/diseases/communicable/influenza/surveillance/,"Influenza Activity, Surveillance and Reports",1,Minimal,2021-07-10 00:00:00,27,2020-21
California,https://www.cdph.ca.gov/Programs/CID/DCDC/Pages/Immunization/Influenza.aspx,Influenza (Flu),1,Minimal,2021-07-10 00:00:00,27,2020-21
New York,http://www.health.ny.gov/diseases/communicable/influenza/surveillance/,"Influenza Activity, Surveillance and Reports",1,Minimal,2021-07-17 00:00:00,28,2020-21
California,https://www.cdph.ca.gov/Programs/CID/DCDC/Pages/Immunization/Influenza.aspx,Influenza (Flu),1,Minimal,2021-07-17 00:00:00,28,2020-21
New York,http://www.health.ny.gov/diseases/communicable/influenza/surveillance/,"Influenza Activity, Surveillance and Reports",2,Minimal,2021-07-24 00:00:00,29,2020-21
California,https://www.cdph.ca.gov/Programs/CID/DCDC/Pages/Immunization/Influenza.aspx,Influenza (Flu),1,Minimal,2021-07-24 00:00:00,29,2020-21
New York,http://www.health.ny.gov/diseases/communicable/influenza/surveillance/,"Influenza Activity, Surveillance and Reports",2,Minimal,2021-07-31 00:00:00,30,2020-21
California,https://www.cdph.ca.gov/Programs/CID/DCDC/Pages/Immunization/Influenza.aspx,Influenza (Flu),2,Minimal,2021-07-31 00:00:00,30,2020-21
New York,http://www.health.ny.gov/diseases/communicable/influenza/surveillance/,"Influenza Activity, Surveillance and Reports",2,Minimal,2021-08-07 00:00:00,31,2020-21
California,https://www.cdph.ca.gov/Programs/CID/DCDC/Pages/Immunization/Influenza.aspx,Influenza (Flu),2,Minimal,2021-08-07 00:00:00,31,2020-21
New York,http://www.health.ny.gov/diseases/communicable/influenza/surveillance/,"Influenza Activity, Surveillance and Reports",2,Minimal,2021-08-14 00:00:00,32,2020-21
California,https://www.cdph.ca.gov/Programs/CID/DCDC/Pages/Immunization/Influenza.aspx,Influenza (Flu),3,Minimal,2021-08-14 00:00:00,32,2020-21
California,https://www.cdph.ca.gov/Programs/CID/DCDC/Pages/Immunization/Influenza.aspx,Influenza (Flu),3,Minimal,2021-08-21 00:00:00,33,2020-21
New York,http://www.health.ny.gov/diseases/communicable/influenza/surveillance/,"Influenza Activity, Surveillance and Reports",2,Minimal,2021-08-21 00:00:00,33,2020-21
California,https://www.cdph.ca.gov/Programs/CID/DCDC/Pages/Immunization/Influenza.aspx,Influenza (Flu),3,Minimal,2021-08-28 00:00:00,34,2020-21
New York,http://www.health.ny.gov/diseases/communicable/influenza/surveillance/,"Influenza Activity, Surveillance and Reports",2,Minimal,2021-08-28 00:00:00,34,2020-21
New York,http://www.health.ny.gov/diseases/communicable/influenza/surveillance/,"Influenza Activity, Surveillance and Reports",2,Minimal,2021-09-04 00:00:00,35,2020-21
California,https://www.cdph.ca.gov/Programs/CID/DCDC/Pages/Immunization/Influenza.aspx,Influenza (Flu),4,Low,2021-09-04 00:00:00,35,2020-21
California,https://www.cdph.ca.gov/Programs/CID/DCDC/Pages/Immunization/Influenza.aspx,Influenza (Flu),3,Minimal,2021-09-11 00:00:00,36,2020-21
New York,http://www.health.ny.gov/diseases/communicable/influenza/surveillance/,"Influenza Activity, Surveillance and Reports",2,Minimal,2021-09-11 00:00:00,36,2020-21
California,https://www.cdph.ca.gov/Programs/CID/DCDC/Pages/Immunization/Influenza.aspx,Influenza (Flu),2,Minimal,2021-09-18 00:00:00,37,2020-21
New York,http://www.health.ny.gov/diseases/communicable/influenza/surveillance/,"Influenza Activity, Surveillance and Reports",3,Minimal,2021-09-18 00:00:00,37,2020-21
New York,http://www.health.ny.gov/diseases/communicable/influenza/surveillance/,"Influenza Activity, Surveillance and Reports",3,Minimal,2021-09-25 00:00:00,38,2020-21
California,https://www.cdph.ca.gov/Programs/CID/DCDC/Pages/Immunization/Influenza.aspx,Influenza (Flu),2,Minimal,2021-09-25 00:00:00,38,2020-21
New York,http://www.health.ny.gov/diseases/communicable/influenza/surveillance/,"Influenza Activity, Surveillance and Reports",4,Low,2021-10-02 00:00:00,39,2020-21
California,https://www.cdph.ca.gov/Programs/CID/DCDC/Pages/Immunization/Influenza.aspx,Influenza (Flu),1,Minimal,2021-10-02 00:00:00,39,2020-21
California,https://www.cdph.ca.gov/Programs/CID/DCDC/Pages/Immunization/Influenza.aspx,Influenza (Flu),1,Minimal,2021-10-09 00:00:00,40,2021-22
New York,http://www.health.ny.gov/diseases/communicable/influenza/surveillance/,"Influenza Activity, Surveillance and Reports",4,Low,2021-10-09 00:00:00,40,2021-22
New York,http://www.health.ny.gov/diseases/communicable/influenza/surveillance/,"Influenza Activity, Surveillance and Reports",4,Low,2021-10-16 00:00:00,41,2021-22
California,https://www.cdph.ca.gov/Programs/CID/DCDC/Pages/Immunization/Influenza.aspx,Influenza (Flu),1,Minimal,2021-10-16 00:00:00,41,2021-22
New York,http://www.health.ny.gov/diseases/communicable/influenza/surveillance/,"Influenza Activity, Surveillance and Reports",3,Minimal,2021-10-23 00:00:00,42,2021-22
California,https://www.cdph.ca.gov/Programs/CID/DCDC/Pages/Immunization/Influenza.aspx,Influenza (Flu),1,Minimal,2021-10-23 00:00:00,42,2021-22
California,https://www.cdph.ca.gov/Programs/CID/DCDC/Pages/Immunization/Influenza.aspx,Influenza (Flu),1,Minimal,2021-10-30 00:00:00,43,2021-22
New York,http://www.health.ny.gov/diseases/communicable/influenza/surveillance/,"Influenza Activity, Surveillance and Reports",3,Minimal,2021-10-30 00:00:00,43,2021-22
New York,http://www.health.ny.gov/diseases/communicable/influenza/surveillance/,"Influenza Activity, Surveillance and Reports",4,Low,2021-11-06 00:00:00,44,2021-22
California,https://www.cdph.ca.gov/Programs/CID/DCDC/Pages/Immunization/Influenza.aspx,Influenza (Flu),1,Minimal,2021-11-06 00:00:00,44,2021-22
New York,http://www.health.ny.gov/diseases/communicable/influenza/surveillance/,"Influenza Activity, Surveillance and Reports",4,Low,2021-11-13 00:00:00,45,2021-22
California,https://www.cdph.ca.gov/Programs/CID/DCDC/Pages/Immunization/Influenza.aspx,Influenza (Flu),1,Minimal,2021-11-13 00:00:00,45,2021-22
New York,http://www.health.ny.gov/diseases/communicable/influenza/surveillance/,"Influenza Activity, Surveillance and Reports",5,Low,2021-11-20 00:00:00,46,2021-22
California,https://www.cdph.ca.gov/Programs/CID/DCDC/Pages/Immunization/Influenza.aspx,Influenza (Flu),1,Minimal,2021-11-20 00:00:00,46,2021-22
New York,http://www.health.ny.gov/diseases/communicable/influenza/surveillance/,"Influenza Activity, Surveillance and Reports",5,Low,2021-11-27 00:00:00,47,2021-22
California,https://www.cdph.ca.gov/Programs/CID/DCDC/Pages/Immunization/Influenza.aspx,Influenza (Flu),2,Minimal,2021-11-27 00:00:00,47,2021-22
New York,http://www.health.ny.gov/diseases/communicable/influenza/surveillance/,"Influenza Activity, Surveillance and Reports",6,Moderate,2021-12-04 00:00:00,48,2021-22
California,https://www.cdph.ca.gov/Programs/CID/DCDC/Pages/Immunization/Influenza.aspx,Influenza (Flu),2,Minimal,2021-12-04 00:00:00,48,2021-22
California,https://www.cdph.ca.gov/Programs/CID/DCDC/Pages/Immunization/Influenza.aspx,Influenza (Flu),2,Minimal,2021-12-11 00:00:00,49,2021-22
New York,http://www.health.ny.gov/diseases/communicable/influenza/surveillance/,"Influenza Activity, Surveillance and Reports",7,Moderate,2021-12-11 00:00:00,49,2021-22
California,https://www.cdph.ca.gov/Programs/CID/DCDC/Pages/Immunization/Influenza.aspx,Influenza (Flu),2,Minimal,2021-12-18 00:00:00,50,2021-22
New York,http://www.health.ny.gov/diseases/communicable/influenza/surveillance/,"Influenza Activity, Surveillance and Reports",8,High,2021-12-18 00:00:00,50,2021-22
New York,http://www.health.ny.gov/diseases/communicable/influenza/surveillance/,"Influenza Activity, Surveillance and Reports",9,High,2021-12-25 00:00:00,51,2021-22
California,https://www.cdph.ca.gov/Programs/CID/DCDC/Pages/Immunization/Influenza.aspx,Influenza (Flu),5,Low,2021-12-25 00:00:00,51,2021-22
New York,http://www.health.ny.gov/diseases/communicable/influenza/surveillance/,"Influenza Activity, Surveillance and Reports",10,High,2022-01-01 00:00:00,52,2021-22
California,https://www.cdph.ca.gov/Programs/CID/DCDC/Pages/Immunization/Influenza.aspx,Influenza (Flu),9,High,2022-01-01 00:00:00,52,2021-22
New York,http://www.health.ny.gov/diseases/communicable/influenza/surveillance/,"Influenza Activity, Surveillance and Reports",8,High,2022-01-08 00:00:00,1,2021-22
California,https://www.cdph.ca.gov/Programs/CID/DCDC/Pages/Immunization/Influenza.aspx,Influenza (Flu),9,High,2022-01-08 00:00:00,1,2021-22
New York,http://www.health.ny.gov/diseases/communicable/influenza/surveillance/,"Influenza Activity, Surveillance and Reports",5,Low,2022-01-15 00:00:00,2,2021-22
California,https://www.cdph.ca.gov/Programs/CID/DCDC/Pages/Immunization/Influenza.aspx,Influenza (Flu),6,Moderate,2022-01-15 00:00:00,2,2021-22
California,https://www.cdph.ca.gov/Programs/CID/DCDC/Pages/Immunization/Influenza.aspx,Influenza (Flu),4,Low,2022-01-22 00:00:00,3,2021-22
New York,http://www.health.ny.gov/diseases/communicable/influenza/surveillance/,"Influenza Activity, Surveillance and Reports",3,Minimal,2022-01-22 00:00:00,3,2021-22
California,https://www.cdph.ca.gov/Programs/CID/DCDC/Pages/Immunization/Influenza.aspx,Influenza (Flu),1,Minimal,2022-01-29 00:00:00,4,2021-22
New York,http://www.health.ny.gov/diseases/communicable/influenza/surveillance/,"Influenza Activity, Surveillance and Reports",2,Minimal,2022-01-29 00:00:00,4,2021-22
California,https://www.cdph.ca.gov/Programs/CID/DCDC/Pages/Immunization/Influenza.aspx,Influenza (Flu),1,Minimal,2022-02-05 00:00:00,5,2021-22
New York,http://www.health.ny.gov/diseases/communicable/influenza/surveillance/,"Influenza Activity, Surveillance and Reports",1,Minimal,2022-02-05 00:00:00,5,2021-22
California,https://www.cdph.ca.gov/Programs/CID/DCDC/Pages/Immunization/Influenza.aspx,Influenza (Flu),1,Minimal,2022-02-12 00:00:00,6,2021-22
New York,http://www.health.ny.gov/diseases/communicable/influenza/surveillance/,"Influenza Activity, Surveillance and Reports",1,Minimal,2022-02-12 00:00:00,6,2021-22
California,https://www.cdph.ca.gov/Programs/CID/DCDC/Pages/Immunization/Influenza.aspx,Influenza (Flu),1,Minimal,2022-02-19 00:00:00,7,2021-22
New York,http://www.health.ny.gov/diseases/communicable/influenza/surveillance/,"Influenza Activity, Surveillance and Reports",1,Minimal,2022-02-19 00:00:00,7,2021-22
California,https://www.cdph.ca.gov/Programs/CID/DCDC/Pages/Immunization/Influenza.aspx,Influenza (Flu),1,Minimal,2022-02-26 00:00:00,8,2021-22
New York,http://www.health.ny.gov/diseases/communicable/influenza/surveillance/,"Influenza Activity, Surveillance and Reports",1,Minimal,2022-02-26 00:00:00,8,2021-22
New York,http://www.health.ny.gov/diseases/communicable/influenza/surveillance/,"Influenza Activity, Surveillance and Reports",1,Minimal,2022-03-05 00:00:00,9,2021-22
California,https://www.cdph.ca.gov/Programs/CID/DCDC/Pages/Immunization/Influenza.aspx,Influenza (Flu),1,Minimal,2022-03-05 00:00:00,9,2021-22
New York,http://www.health.ny.gov/diseases/communicable/influenza/surveillance/,"Influenza Activity, Surveillance and Reports",2,Minimal,2022-03-12 00:00:00,10,2021-22
California,https://www.cdph.ca.gov/Programs/CID/DCDC/Pages/Immunization/Influenza.aspx,Influenza (Flu),1,Minimal,2022-03-12 00:00:00,10,2021-22
New York,http://www.health.ny.gov/diseases/communicable/influenza/surveillance/,"Influenza Activity, Surveillance and Reports",3,Minimal,2022-03-19 00:00:00,11,2021-22
California,https://www.cdph.ca.gov/Programs/CID/DCDC/Pages/Immunization/Influenza.aspx,Influenza (Flu),1,Minimal,2022-03-19 00:00:00,11,2021-22
California,https://www.cdph.ca.gov/Programs/CID/DCDC/Pages/Immunization/Influenza.aspx,Influenza (Flu),1,Minimal,2022-03-26 00:00:00,12,2021-22
New York,http://www.health.ny.gov/diseases/communicable/influenza/surveillance/,"Influenza Activity, Surveillance and Reports",4,Low,2022-03-26 00:00:00,12,2021-22
New York,http://www.health.ny.gov/diseases/communicable/influenza/surveillance/,"Influenza Activity, Surveillance and Reports",6,Moderate,2022-04-02 00:00:00,13,2021-22
California,https://www.cdph.ca.gov/Programs/CID/DCDC/Pages/Immunization/Influenza.aspx,Influenza (Flu),1,Minimal,2022-04-02 00:00:00,13,2021-22
New York,http://www.health.ny.gov/diseases/communicable/influenza/surveillance/,"Influenza Activity, Surveillance and Reports",8,High,2022-04-09 00:00:00,14,2021-22
California,https://www.cdph.ca.gov/Programs/CID/DCDC/Pages/Immunization/Influenza.aspx,Influenza (Flu),1,Minimal,2022-04-09 00:00:00,14,2021-22
California,https://www.cdph.ca.gov/Programs/CID/DCDC/Pages/Immunization/Influenza.aspx,Influenza (Flu),1,Minimal,2022-04-16 00:00:00,15,2021-22
New York,http://www.health.ny.gov/diseases/communicable/influenza/surveillance/,"Influenza Activity, Surveillance and Reports",7,Moderate,2022-04-16 00:00:00,15,2021-22
New York,http://www.health.ny.gov/diseases/communicable/influenza/surveillance/,"Influenza Activity, Surveillance and Reports",6,Moderate,2022-04-23 00:00:00,16,2021-22
California,https://www.cdph.ca.gov/Programs/CID/DCDC/Pages/Immunization/Influenza.aspx,Influenza (Flu),1,Minimal,2022-04-23 00:00:00,16,2021-22
New York,http://www.health.ny.gov/diseases/communicable/influenza/surveillance/,"Influenza Activity, Surveillance and Reports",6,Moderate,2022-04-30 00:00:00,17,2021-22
California,https://www.cdph.ca.gov/Programs/CID/DCDC/Pages/Immunization/Influenza.aspx,Influenza (Flu),1,Minimal,2022-04-30 00:00:00,17,2021-22
California,https://www.cdph.ca.gov/Programs/CID/DCDC/Pages/Immunization/Influenza.aspx,Influenza (Flu),2,Minimal,2022-05-07 00:00:00,18,2021-22
New York,http://www.health.ny.gov/diseases/communicable/influenza/surveillance/,"Influenza Activity, Surveillance and Reports",7,Moderate,2022-05-07 00:00:00,18,2021-22
California,https://www.cdph.ca.gov/Programs/CID/DCDC/Pages/Immunization/Influenza.aspx,Influenza (Flu),3,Minimal,2022-05-14 00:00:00,19,2021-22
New York,http://www.health.ny.gov/diseases/communicable/influenza/surveillance/,"Influenza Activity, Surveillance and Reports",8,High,2022-05-14 00:00:00,19,2021-22
New York,http://www.health.ny.gov/diseases/communicable/influenza/surveillance/,"Influenza Activity, Surveillance and Reports",6,Moderate,2022-05-21 00:00:00,20,2021-22
California,https://www.cdph.ca.gov/Programs/CID/DCDC/Pages/Immunization/Influenza.aspx,Influenza (Flu),4,Low,2022-05-21 00:00:00,20,2021-22
California,https://www.cdph.ca.gov/Programs/CID/DCDC/Pages/Immunization/Influenza.aspx,Influenza (Flu),3,Minimal,2022-05-28 00:00:00,21,2021-22
New York,http://www.health.ny.gov/diseases/communicable/influenza/surveillance/,"Influenza Activity, Surveillance and Reports",5,Low,2022-05-28 00:00:00,21,2021-22
California,https://www.cdph.ca.gov/Programs/CID/DCDC/Pages/Immunization/Influenza.aspx,Influenza (Flu),4,Low,2022-06-04 00:00:00,22,2021-22
New York,http://www.health.ny.gov/diseases/communicable/influenza/surveillance/,"Influenza Activity, Surveillance and Reports",4,Low,2022-06-04 00:00:00,22,2021-22
California,https://www.cdph.ca.gov/Programs/CID/DCDC/Pages/Immunization/Influenza.aspx,Influenza (Flu),3,Minimal,2022-06-11 00:00:00,23,2021-22
New York,http://www.health.ny.gov/diseases/communicable/influenza/surveillance/,"Influenza Activity, Surveillance and Reports",4,Low,2022-06-11 00:00:00,23,2021-22
California,https://www.cdph.ca.gov/Programs/CID/DCDC/Pages/Immunization/Influenza.aspx,Influenza (Flu),3,Minimal,2022-06-18 00:00:00,24,2021-22
New York,http://www.health.ny.gov/diseases/communicable/influenza/surveillance/,"Influenza Activity, Surveillance and Reports",4,Low,2022-06-18 00:00:00,24,2021-22
California,https://www.cdph.ca.gov/Programs/CID/DCDC/Pages/Immunization/Influenza.aspx,Influenza (Flu),2,Minimal,2022-06-25 00:00:00,25,2021-22
New York,http://www.health.ny.gov/diseases/communicable/influenza/surveillance/,"Influenza Activity, Surveillance and Reports",3,Minimal,2022-06-25 00:00:00,25,2021-22
New York,http://www.health.ny.gov/diseases/communicable/influenza/surveillance/,"Influenza Activity, Surveillance and Reports",3,Minimal,2022-07-02 00:00:00,26,2021-22
California,https://www.cdph.ca.gov/Programs/CID/DCDC/Pages/Immunization/Influenza.aspx,Influenza (Flu),2,Minimal,2022-07-02 00:00:00,26,2021-22
New York,http://www.health.ny.gov/diseases/communicable/influenza/surveillance/,"Influenza Activity, Surveillance and Reports",3,Minimal,2022-07-09 00:00:00,27,2021-22
California,https://www.cdph.ca.gov/Programs/CID/DCDC/Pages/Immunization/Influenza.aspx,Influenza (Flu),2,Minimal,2022-07-09 00:00:00,27,2021-22
New York,http://www.health.ny.gov/diseases/communicable/influenza/surveillance/,"Influenza Activity, Surveillance and Reports",2,Minimal,2022-07-16 00:00:00,28,2021-22
California,https://www.cdph.ca.gov/Programs/CID/DCDC/Pages/Immunization/Influenza.aspx,Influenza (Flu),2,Minimal,2022-07-16 00:00:00,28,2021-22
New York,http://www.health.ny.gov/diseases/communicable/influenza/surveillance/,"Influenza Activity, Surveillance and Reports",2,Minimal,2022-07-23 00:00:00,29,2021-22
California,https://www.cdph.ca.gov/Programs/CID/DCDC/Pages/Immunization/Influenza.aspx,Influenza (Flu),1,Minimal,2022-07-23 00:00:00,29,2021-22
New York,http://www.health.ny.gov/diseases/communicable/influenza/surveillance/,"Influenza Activity, Surveillance and Reports",2,Minimal,2022-07-30 00:00:00,30,2021-22
California,https://www.cdph.ca.gov/Programs/CID/DCDC/Pages/Immunization/Influenza.aspx,Influenza (Flu),1,Minimal,2022-07-30 00:00:00,30,2021-22
New York,http://www.health.ny.gov/diseases/communicable/influenza/surveillance/,"Influenza Activity, Surveillance and Reports",2,Minimal,2022-08-06 00:00:00,31,2021-22
California,https://www.cdph.ca.gov/Programs/CID/DCDC/Pages/Immunization/Influenza.aspx,Influenza (Flu),1,Minimal,2022-08-06 00:00:00,31,2021-22
New York,http://www.health.ny.gov/diseases/communicable/influenza/surveillance/,"Influenza Activity, Surveillance and Reports",2,Minimal,2022-08-13 00:00:00,32,2021-22
California,https://www.cdph.ca.gov/Programs/CID/DCDC/Pages/Immunization/Influenza.aspx,Influenza (Flu),1,Minimal,2022-08-13 00:00:00,32,2021-22
New York,http://www.health.ny.gov/diseases/communicable/influenza/surveillance/,"Influenza Activity, Surveillance and Reports",1,Minimal,2022-08-20 00:00:00,33,2021-22
California,https://www.cdph.ca.gov/Programs/CID/DCDC/Pages/Immunization/Influenza.aspx,Influenza (Flu),1,Minimal,2022-08-20 00:00:00,33,2021-22
California,https://www.cdph.ca.gov/Programs/CID/DCDC/Pages/Immunization/Influenza.aspx,Influenza (Flu),1,Minimal,2022-08-27 00:00:00,34,2021-22
New York,http://www.health.ny.gov/diseases/communicable/influenza/surveillance/,"Influenza Activity, Surveillance and Reports",2,Minimal,2022-08-27 00:00:00,34,2021-22
New York,http://www.health.ny.gov/diseases/communicable/influenza/surveillance/,"Influenza Activity, Surveillance and Reports",1,Minimal,2022-09-03 00:00:00,35,2021-22
California,https://www.cdph.ca.gov/Programs/CID/DCDC/Pages/Immunization/Influenza.aspx,Influenza (Flu),2,Minimal,2022-09-03 00:00:00,35,2021-22
California,https://www.cdph.ca.gov/Programs/CID/DCDC/Pages/Immunization/Influenza.aspx,Influenza (Flu),2,Minimal,2022-09-10 00:00:00,36,2021-22
New York,http://www.health.ny.gov/diseases/communicable/influenza/surveillance/,"Influenza Activity, Surveillance and Reports",1,Minimal,2022-09-10 00:00:00,36,2021-22
California,https://www.cdph.ca.gov/Programs/CID/DCDC/Pages/Immunization/Influenza.aspx,Influenza (Flu),1,Minimal,2022-09-17 00:00:00,37,2021-22
New York,http://www.health.ny.gov/diseases/communicable/influenza/surveillance/,"Influenza Activity, Surveillance and Reports",3,Minimal,2022-09-17 00:00:00,37,2021-22
California,https://www.cdph.ca.gov/Programs/CID/DCDC/Pages/Immunization/Influenza.aspx,Influenza (Flu),2,Minimal,2022-09-24 00:00:00,38,2021-22
New York,http://www.health.ny.gov/diseases/communicable/influenza/surveillance/,"Influenza Activity, Surveillance and Reports",3,Minimal,2022-09-24 00:00:00,38,2021-22
California,https://www.cdph.ca.gov/Programs/CID/DCDC/Pages/Immunization/Influenza.aspx,Influenza (Flu),2,Minimal,2022-10-01 00:00:00,39,2021-22
New York,http://www.health.ny.gov/diseases/communicable/influenza/surveillance/,"Influenza Activity, Surveillance and Reports",3,Minimal,2022-10-01 00:00:00,39,2021-22
New York,http://www.health.ny.gov/diseases/communicable/influenza/surveillance/,"Influenza Activity, Surveillance and Reports",4,Low,2022-10-08 00:00:00,40,2022-23
California,https://www.cdph.ca.gov/Programs/CID/DCDC/Pages/Immunization/Influenza.aspx,Influenza (Flu),3,Minimal,2022-10-08 00:00:00,40,2022-23
New York,http://www.health.ny.gov/diseases/communicable/influenza/surveillance/,"Influenza Activity, Surveillance and Reports",8,High,2022-10-15 00:00:00,41,2022-23
California,https://www.cdph.ca.gov/Programs/CID/DCDC/Pages/Immunization/Influenza.aspx,Influenza (Flu),4,Low,2022-10-15 00:00:00,41,2022-23
California,https://www.cdph.ca.gov/Programs/CID/DCDC/Pages/Immunization/Influenza.aspx,Influenza (Flu),5,Low,2022-10-22 00:00:00,42,2022-23
New York,http://www.health.ny.gov/diseases/communicable/influenza/surveillance/,"Influenza Activity, Surveillance and Reports",5,Low,2022-10-22 00:00:00,42,2022-23
California,https://www.cdph.ca.gov/Programs/CID/DCDC/Pages/Immunization/Influenza.aspx,Influenza (Flu),7,Moderate,2022-10-29 00:00:00,43,2022-23
New York,http://www.health.ny.gov/diseases/communicable/influenza/surveillance/,"Influenza Activity, Surveillance and Reports",6,Moderate,2022-10-29 00:00:00,43,2022-23
California,https://www.cdph.ca.gov/Programs/CID/DCDC/Pages/Immunization/Influenza.aspx,Influenza (Flu),10,High,2022-11-05 00:00:00,44,2022-23
New York,http://www.health.ny.gov/diseases/communicable/influenza/surveillance/,"Influenza Activity, Surveillance and Reports",9,High,2022-11-05 00:00:00,44,2022-23
New York,http://www.health.ny.gov/diseases/communicable/influenza/surveillance/,"Influenza Activity, Surveillance and Reports",10,High,2022-11-12 00:00:00,45,2022-23
California,https://www.cdph.ca.gov/Programs/CID/DCDC/Pages/Immunization/Influenza.aspx,Influenza (Flu),10,High,2022-11-12 00:00:00,45,2022-23
New York,http://www.health.ny.gov/diseases/communicable/influenza/surveillance/,"Influenza Activity, Surveillance and Reports",10,High,2022-11-19 00:00:00,46,2022-23
California,https://www.cdph.ca.gov/Programs/CID/DCDC/Pages/Immunization/Influenza.aspx,Influenza (Flu),11,Very High,2022-11-19 00:00:00,46,2022-23
New York,http://www.health.ny.gov/diseases/communicable/influenza/surveillance/,"Influenza Activity, Surveillance and Reports",11,Very High,2022-11-26 00:00:00,47,2022-23
California,https://www.cdph.ca.gov/Programs/CID/DCDC/Pages/Immunization/Influenza.aspx,Influenza (Flu),13,Very High,2022-11-26 00:00:00,47,2022-23
New York,http://www.health.ny.gov/diseases/communicable/influenza/surveillance/,"Influenza Activity, Surveillance and Reports",12,Very High,2022-12-03 00:00:00,48,2022-23
California,https://www.cdph.ca.gov/Programs/CID/DCDC/Pages/Immunization/Influenza.aspx,Influenza (Flu),12,Very High,2022-12-03 00:00:00,48,2022-23
New York,http://www.health.ny.gov/diseases/communicable/influenza/surveillance/,"Influenza Activity, Surveillance and Reports",13,Very High,2022-12-10 00:00:00,49,2022-23
California,https://www.cdph.ca.gov/Programs/CID/DCDC/Pages/Immunization/Influenza.aspx,Influenza (Flu),12,Very High,2022-12-10 00:00:00,49,2022-23
New York,http://www.health.ny.gov/diseases/communicable/influenza/surveillance/,"Influenza Activity, Surveillance and Reports",10,High,2022-12-17 00:00:00,50,2022-23
California,https://www.cdph.ca.gov/Programs/CID/DCDC/Pages/Immunization/Influenza.aspx,Influenza (Flu),11,Very High,2022-12-17 00:00:00,50,2022-23
California,https://www.cdph.ca.gov/Programs/CID/DCDC/Pages/Immunization/Influenza.aspx,Influenza (Flu),11,Very High,2022-12-24 00:00:00,51,2022-23
New York,http://www.health.ny.gov/diseases/communicable/influenza/surveillance/,"Influenza Activity, Surveillance and Reports",12,Very High,2022-12-24 00:00:00,51,2022-23
California,https://www.cdph.ca.gov/Programs/CID/DCDC/Pages/Immunization/Influenza.aspx,Influenza (Flu),11,Very High,2022-12-31 00:00:00,52,2022-23
New York,http://www.health.ny.gov/diseases/communicable/influenza/surveillance/,"Influenza Activity, Surveillance and Reports",11,Very High,2022-12-31 00:00:00,52,2022-23
California,https://www.cdph.ca.gov/Programs/CID/DCDC/Pages/Immunization/Influenza.aspx,Influenza (Flu),10,High,2023-01-07 00:00:00,1,2022-23
New York,http://www.health.ny.gov/diseases/communicable/influenza/surveillance/,"Influenza Activity, Surveillance and Reports",8,High,2023-01-07 00:00:00,1,2022-23
California,https://www.cdph.ca.gov/Programs/CID/DCDC/Pages/Immunization/Influenza.aspx,Influenza (Flu),8,High,2023-01-14 00:00:00,2,2022-23
New York,http://www.health.ny.gov/diseases/communicable/influenza/surveillance/,"Influenza Activity, Surveillance and Reports",5,Low,2023-01-14 00:00:00,2,2022-23
California,https://www.cdph.ca.gov/Programs/CID/DCDC/Pages/Immunization/Influenza.aspx,Influenza (Flu),6,Moderate,2023-01-21 00:00:00,3,2022-23
New York,http://www.health.ny.gov/diseases/communicable/influenza/surveillance/,"Influenza Activity, Surveillance and Reports",5,Low,2023-01-21 00:00:00,3,2022-23
New York,http://www.health.ny.gov/diseases/communicable/influenza/surveillance/,"Influenza Activity, Surveillance and Reports",4,Low,2023-01-28 00:00:00,4,2022-23
California,https://www.cdph.ca.gov/Programs/CID/DCDC/Pages/Immunization/Influenza.aspx,Influenza (Flu),6,Moderate,2023-01-28 00:00:00,4,2022-23
California,https://www.cdph.ca.gov/Programs/CID/DCDC/Pages/Immunization/Influenza.aspx,Influenza (Flu),6,Moderate,2023-02-04 00:00:00,5,2022-23
New York,http://www.health.ny.gov/diseases/communicable/influenza/surveillance/,"Influenza Activity, Surveillance and Reports",5,Low,2023-02-04 00:00:00,5,2022-23
California,https://www.cdph.ca.gov/Programs/CID/DCDC/Pages/Immunization/Influenza.aspx,Influenza (Flu),7,Moderate,2023-02-11 00:00:00,6,2022-23
New York,http://www.health.ny.gov/diseases/communicable/influenza/surveillance/,"Influenza Activity, Surveillance and Reports",4,Low,2023-02-11 00:00:00,6,2022-23
California,https://www.cdph.ca.gov/Programs/CID/DCDC/Pages/Immunization/Influenza.aspx,Influenza (Flu),7,Moderate,2023-02-18 00:00:00,7,2022-23
New York,http://www.health.ny.gov/diseases/communicable/influenza/surveillance/,"Influenza Activity, Surveillance and Reports",5,Low,2023-02-18 00:00:00,7,2022-23
New York,http://www.health.ny.gov/diseases/communicable/influenza/surveillance/,"Influenza Activity, Surveillance and Reports",4,Low,2023-02-25 00:00:00,8,2022-23
California,https://www.cdph.ca.gov/Programs/CID/DCDC/Pages/Immunization/Influenza.aspx,Influenza (Flu),8,High,2023-02-25 00:00:00,8,2022-23
California,https://www.cdph.ca.gov/Programs/CID/DCDC/Pages/Immunization/Influenza.aspx,Influenza (Flu),7,Moderate,2023-03-04 00:00:00,9,2022-23
New York,http://www.health.ny.gov/diseases/communicable/influenza/surveillance/,"Influenza Activity, Surveillance and Reports",4,Low,2023-03-04 00:00:00,9,2022-23
California,https://www.cdph.ca.gov/Programs/CID/DCDC/Pages/Immunization/Influenza.aspx,Influenza (Flu),6,Moderate,2023-03-11 00:00:00,10,2022-23
New York,http://www.health.ny.gov/diseases/communicable/influenza/surveillance/,"Influenza Activity, Surveillance and Reports",4,Low,2023-03-11 00:00:00,10,2022-23
New York,http://www.health.ny.gov/diseases/communicable/influenza/surveillance/,"Influenza Activity, Surveillance and Reports",4,Low,2023-03-18 00:00:00,11,2022-23
California,https://www.cdph.ca.gov/Programs/CID/DCDC/Pages/Immunization/Influenza.aspx,Influenza (Flu),6,Moderate,2023-03-18 00:00:00,11,2022-23
California,https://www.cdph.ca.gov/Programs/CID/DCDC/Pages/Immunization/Influenza.aspx,Influenza (Flu),6,Moderate,2023-03-25 00:00:00,12,2022-23
New York,http://www.health.ny.gov/diseases/communicable/influenza/surveillance/,"Influenza Activity, Surveillance and Reports",4,Low,2023-03-25 00:00:00,12,2022-23
California,https://www.cdph.ca.gov/Programs/CID/DCDC/Pages/Immunization/Influenza.aspx,Influenza (Flu),6,Moderate,2023-04-01 00:00:00,13,2022-23
New York,http://www.health.ny.gov/diseases/communicable/influenza/surveillance/,"Influenza Activity, Surveillance and Reports",4,Low,2023-04-01 00:00:00,13,2022-23
California,https://www.cdph.ca.gov/Programs/CID/DCDC/Pages/Immunization/Influenza.aspx,Influenza (Flu),6,Moderate,2023-04-08 00:00:00,14,2022-23
New York,http://www.health.ny.gov/diseases/communicable/influenza/surveillance/,"Influenza Activity, Surveillance and Reports",3,Minimal,2023-04-08 00:00:00,14,2022-23
California,https://www.cdph.ca.gov/Programs/CID/DCDC/Pages/Immunization/Influenza.aspx,Influenza (Flu),5,Low,2023-04-15 00:00:00,15,2022-23
New York,http://www.health.ny.gov/diseases/communicable/influenza/surveillance/,"Influenza Activity, Surveillance and Reports",3,Minimal,2023-04-15 00:00:00,15,2022-23
California,https://www.cdph.ca.gov/Programs/CID/DCDC/Pages/Immunization/Influenza.aspx,Influenza (Flu),5,Low,2023-04-22 00:00:00,16,2022-23
New York,http://www.health.ny.gov/diseases/communicable/influenza/surveillance/,"Influenza Activity, Surveillance and Reports",2,Minimal,2023-04-22 00:00:00,16,2022-23
California,https://www.cdph.ca.gov/Programs/CID/DCDC/Pages/Immunization/Influenza.aspx,Influenza (Flu),4,Low,2023-04-29 00:00:00,17,2022-23
New York,http://www.health.ny.gov/diseases/communicable/influenza/surveillance/,"Influenza Activity, Surveillance and Reports",2,Minimal,2023-04-29 00:00:00,17,2022-23
California,https://www.cdph.ca.gov/Programs/CID/DCDC/Pages/Immunization/Influenza.aspx,Influenza (Flu),5,Low,2023-05-06 00:00:00,18,2022-23
New York,http://www.health.ny.gov/diseases/communicable/influenza/surveillance/,"Influenza Activity, Surveillance and Reports",1,Minimal,2023-05-06 00:00:00,18,2022-23
New York,http://www.health.ny.gov/diseases/communicable/influenza/surveillance/,"Influenza Activity, Surveillance and Reports",2,Minimal,2023-05-13 00:00:00,19,2022-23
California,https://www.cdph.ca.gov/Programs/CID/DCDC/Pages/Immunization/Influenza.aspx,Influenza (Flu),5,Low,2023-05-13 00:00:00,19,2022-23
California,https://www.cdph.ca.gov/Programs/CID/DCDC/Pages/Immunization/Influenza.aspx,Influenza (Flu),5,Low,2023-05-20 00:00:00,20,2022-23
New York,http://www.health.ny.gov/diseases/communicable/influenza/surveillance/,"Influenza Activity, Surveillance and Reports",3,Minimal,2023-05-20 00:00:00,20,2022-23
California,https://www.cdph.ca.gov/Programs/CID/DCDC/Pages/Immunization/Influenza.aspx,Influenza (Flu),5,Low,2023-05-27 00:00:00,21,2022-23
New York,http://www.health.ny.gov/diseases/communicable/influenza/surveillance/,"Influenza Activity, Surveillance and Reports",2,Minimal,2023-05-27 00:00:00,21,2022-23
California,https://www.cdph.ca.gov/Programs/CID/DCDC/Pages/Immunization/Influenza.aspx,Influenza (Flu),5,Low,2023-06-03 00:00:00,22,2022-23
New York,http://www.health.ny.gov/diseases/communicable/influenza/surveillance/,"Influenza Activity, Surveillance and Reports",2,Minimal,2023-06-03 00:00:00,22,2022-23
California,https://www.cdph.ca.gov/Programs/CID/DCDC/Pages/Immunization/Influenza.aspx,Influenza (Flu),5,Low,2023-06-10 00:00:00,23,2022-23
New York,http://www.health.ny.gov/diseases/communicable/influenza/surveillance/,"Influenza Activity, Surveillance and Reports",2,Minimal,2023-06-10 00:00:00,23,2022-23
California,https://www.cdph.ca.gov/Programs/CID/DCDC/Pages/Immunization/Influenza.aspx,Influenza (Flu),4,Low,2023-06-17 00:00:00,24,2022-23
New York,http://www.health.ny.gov/diseases/communicable/influenza/surveillance/,"Influenza Activity, Surveillance and Reports",2,Minimal,2023-06-17 00:00:00,24,2022-23
California,https://www.cdph.ca.gov/Programs/CID/DCDC/Pages/Immunization/Influenza.aspx,Influenza (Flu),4,Low,2023-06-24 00:00:00,25,2022-23
New York,http://www.health.ny.gov/diseases/communicable/influenza/surveillance/,"Influenza Activity, Surveillance and Reports",1,Minimal,2023-06-24 00:00:00,25,2022-23
New York,http://www.health.ny.gov/diseases/communicable/influenza/surveillance/,"Influenza Activity, Surveillance and Reports",1,Minimal,2023-07-01 00:00:00,26,2022-23
California,https://www.cdph.ca.gov/Programs/CID/DCDC/Pages/Immunization/Influenza.aspx,Influenza (Flu),3,Minimal,2023-07-01 00:00:00,26,2022-23
New York,http://www.health.ny.gov/diseases/communicable/influenza/surveillance/,"Influenza Activity, Surveillance and Reports",1,Minimal,2023-07-08 00:00:00,27,2022-23
California,https://www.cdph.ca.gov/Programs/CID/DCDC/Pages/Immunization/Influenza.aspx,Influenza (Flu),3,Minimal,2023-07-08 00:00:00,27,2022-23
New York,http://www.health.ny.gov/diseases/communicable/influenza/surveillance/,"Influenza Activity, Surveillance and Reports",1,Minimal,2023-07-15 00:00:00,28,2022-23
California,https://www.cdph.ca.gov/Programs/CID/DCDC/Pages/Immunization/Influenza.aspx,Influenza (Flu),2,Minimal,2023-07-15 00:00:00,28,2022-23
California,https://www.cdph.ca.gov/Programs/CID/DCDC/Pages/Immunization/Influenza.aspx,Influenza (Flu),2,Minimal,2023-07-22 00:00:00,29,2022-23
New York,http://www.health.ny.gov/diseases/communicable/influenza/surveillance/,"Influenza Activity, Surveillance and Reports",1,Minimal,2023-07-22 00:00:00,29,2022-23
New York,http://www.health.ny.gov/diseases/communicable/influenza/surveillance/,"Influenza Activity, Surveillance and Reports",1,Minimal,2023-07-29 00:00:00,30,2022-23
California,https://www.cdph.ca.gov/Programs/CID/DCDC/Pages/Immunization/Influenza.aspx,Influenza (Flu),2,Minimal,2023-07-29 00:00:00,30,2022-23
New York,http://www.health.ny.gov/diseases/communicable/influenza/surveillance/,"Influenza Activity, Surveillance and Reports",1,Minimal,2023-08-05 00:00:00,31,2022-23
California,https://www.cdph.ca.gov/Programs/CID/DCDC/Pages/Immunization/Influenza.aspx,Influenza (Flu),2,Minimal,2023-08-05 00:00:00,31,2022-23
New York,http://www.health.ny.gov/diseases/communicable/influenza/surveillance/,"Influenza Activity, Surveillance and Reports",1,Minimal,2023-08-12 00:00:00,32,2022-23
California,https://www.cdph.ca.gov/Programs/CID/DCDC/Pages/Immunization/Influenza.aspx,Influenza (Flu),2,Minimal,2023-08-12 00:00:00,32,2022-23
New York,http://www.health.ny.gov/diseases/communicable/influenza/surveillance/,"Influenza Activity, Surveillance and Reports",1,Minimal,2023-08-19 00:00:00,33,2022-23
California,https://www.cdph.ca.gov/Programs/CID/DCDC/Pages/Immunization/Influenza.aspx,Influenza (Flu),2,Minimal,2023-08-19 00:00:00,33,2022-23
New York,http://www.health.ny.gov/diseases/communicable/influenza/surveillance/,"Influenza Activity, Surveillance and Reports",1,Minimal,2023-08-26 00:00:00,34,2022-23
California,https://www.cdph.ca.gov/Programs/CID/DCDC/Pages/Immunization/Influenza.aspx,Influenza (Flu),3,Minimal,2023-08-26 00:00:00,34,2022-23
California,https://www.cdph.ca.gov/Programs/CID/DCDC/Pages/Immunization/Influenza.aspx,Influenza (Flu),3,Minimal,2023-09-02 00:00:00,35,2022-23
New York,http://www.health.ny.gov/diseases/communicable/influenza/surveillance/,"Influenza Activity, Surveillance and Reports",1,Minimal,2023-09-02 00:00:00,35,2022-23
New York,http://www.health.ny.gov/diseases/communicable/influenza/surveillance/,"Influenza Activity, Surveillance and Reports",1,Minimal,2023-09-09 00:00:00,36,2022-23
California,https://www.cdph.ca.gov/Programs/CID/DCDC/Pages/Immunization/Influenza.aspx,Influenza (Flu),4,Low,2023-09-09 00:00:00,36,2022-23
California,https://www.cdph.ca.gov/Programs/CID/DCDC/Pages/Immunization/Influenza.aspx,Influenza (Flu),3,Minimal,2023-09-16 00:00:00,37,2022-23
New York,http://www.health.ny.gov/diseases/communicable/influenza/surveillance/,"Influenza Activity, Surveillance and Reports",1,Minimal,2023-09-16 00:00:00,37,2022-23
California,https://www.cdph.ca.gov/Programs/CID/DCDC/Pages/Immunization/Influenza.aspx,Influenza (Flu),3,Minimal,2023-09-23 00:00:00,38,2022-23
New York,http://www.health.ny.gov/diseases/communicable/influenza/surveillance/,"Influenza Activity, Surveillance and Reports",2,Minimal,2023-09-23 00:00:00,38,2022-23
California,https://www.cdph.ca.gov/Programs/CID/DCDC/Pages/Immunization/Influenza.aspx,Influenza (Flu),4,Low,2023-09-30 00:00:00,39,2022-23
New York,http://www.health.ny.gov/diseases/communicable/influenza/surveillance/,"Influenza Activity, Surveillance and Reports",2,Minimal,2023-09-30 00:00:00,39,2022-23
California,https://www.cdph.ca.gov/Programs/CID/DCDC/Pages/Immunization/Influenza.aspx,Influenza (Flu),2,Minimal,2023-10-07 00:00:00,40,2023-24
New York,http://www.health.ny.gov/diseases/communicable/influenza/surveillance/,"Influenza Activity, Surveillance and Reports",1,Minimal,2023-10-07 00:00:00,40,2023-24
New York,http://www.health.ny.gov/diseases/communicable/influenza/surveillance/,"Influenza Activity, Surveillance and Reports",1,Minimal,2023-10-14 00:00:00,41,2023-24
California,https://www.cdph.ca.gov/Programs/CID/DCDC/Pages/Immunization/Influenza.aspx,Influenza (Flu),2,Minimal,2023-10-14 00:00:00,41,2023-24
California,https://www.cdph.ca.gov/Programs/CID/DCDC/Pages/Immunization/Influenza.aspx,Influenza (Flu),3,Minimal,2023-10-21 00:00:00,42,2023-24
New York,http://www.health.ny.gov/diseases/communicable/influenza/surveillance/,"Influenza Activity, Surveillance and Reports",1,Minimal,2023-10-21 00:00:00,42,2023-24
California,https://www.cdph.ca.gov/Programs/CID/DCDC/Pages/Immunization/Influenza.aspx,Influenza (Flu),4,Low,2023-10-28 00:00:00,43,2023-24
New York,http://www.health.ny.gov/diseases/communicable/influenza/surveillance/,"Influenza Activity, Surveillance and Reports",1,Minimal,2023-10-28 00:00:00,43,2023-24
New York,http://www.health.ny.gov/diseases/communicable/influenza/surveillance/,"Influenza Activity, Surveillance and Reports",1,Minimal,2023-11-04 00:00:00,44,2023-24
California,https://www.cdph.ca.gov/Programs/CID/DCDC/Pages/Immunization/Influenza.aspx,Influenza (Flu),5,Low,2023-11-04 00:00:00,44,2023-24
California,https://www.cdph.ca.gov/Programs/CID/DCDC/Pages/Immunization/Influenza.aspx,Influenza (Flu),6,Moderate,2023-11-11 00:00:00,45,2023-24
New York,http://www.health.ny.gov/diseases/communicable/influenza/surveillance/,"Influenza Activity, Surveillance and Reports",2,Minimal,2023-11-11 00:00:00,45,2023-24
New York,http://www.health.ny.gov/diseases/communicable/influenza/surveillance/,"Influenza Activity, Surveillance and Reports",2,Minimal,2023-11-18 00:00:00,46,2023-24
California,https://www.cdph.ca.gov/Programs/CID/DCDC/Pages/Immunization/Influenza.aspx,Influenza (Flu),8,High,2023-11-18 00:00:00,46,2023-24
California,https://www.cdph.ca.gov/Programs/CID/DCDC/Pages/Immunization/Influenza.aspx,Influenza (Flu),10,High,2023-11-25 00:00:00,47,2023-24
New York,http://www.health.ny.gov/diseases/communicable/influenza/surveillance/,"Influenza Activity, Surveillance and Reports",3,Minimal,2023-11-25 00:00:00,47,2023-24
California,https://www.cdph.ca.gov/Programs/CID/DCDC/Pages/Immunization/Influenza.aspx,Influenza (Flu),10,High,2023-12-02 00:00:00,48,2023-24
New York,http://www.health.ny.gov/diseases/communicable/influenza/surveillance/,"Influenza Activity, Surveillance and Reports",4,Low,2023-12-02 00:00:00,48,2023-24
California,https://www.cdph.ca.gov/Programs/CID/DCDC/Pages/Immunization/Influenza.aspx,Influenza (Flu),10,High,2023-12-09 00:00:00,49,2023-24
New York,http://www.health.ny.gov/diseases/communicable/influenza/surveillance/,"Influenza Activity, Surveillance and Reports",5,Low,2023-12-09 00:00:00,49,2023-24
California,https://www.cdph.ca.gov/Programs/CID/DCDC/Pages/Immunization/Influenza.aspx,Influenza (Flu),10,High,2023-12-16 00:00:00,50,2023-24
New York,http://www.health.ny.gov/diseases/communicable/influenza/surveillance/,"Influenza Activity, Surveillance and Reports",7,Moderate,2023-12-16 00:00:00,50,2023-24
New York,http://www.health.ny.gov/diseases/communicable/influenza/surveillance/,"Influenza Activity, Surveillance and Reports",8,High,2023-12-23 00:00:00,51,2023-24
California,https://www.cdph.ca.gov/Programs/CID/DCDC/Pages/Immunization/Influenza.aspx,Influenza (Flu),11,Very High,2023-12-23 00:00:00,51,2023-24
New York,http://www.health.ny.gov/diseases/communicable/influenza/surveillance/,"Influenza Activity, Surveillance and Reports",10,High,2023-12-30 00:00:00,52,2023-24
California,https://www.cdph.ca.gov/Programs/CID/DCDC/Pages/Immunization/Influenza.aspx,Influenza (Flu),11,Very High,2023-12-30 00:00:00,52,2023-24
California,https://www.cdph.ca.gov/Programs/CID/DCDC/Pages/Immunization/Influenza.aspx,Influenza (Flu),11,Very High,2024-01-06 00:00:00,1,2023-24
New York,http://www.health.ny.gov/diseases/communicable/influenza/surveillance/,"Influenza Activity, Surveillance and Reports",8,High,2024-01-06 00:00:00,1,2023-24
New York,http://www.health.ny.gov/diseases/communicable/influenza/surveillance/,"Influenza Activity, Surveillance and Reports",5,Low,2024-01-13 00:00:00,2,2023-24
California,https://www.cdph.ca.gov/Programs/CID/DCDC/Pages/Immunization/Influenza.aspx,Influenza (Flu),10,High,2024-01-13 00:00:00,2,2023-24
California,https://www.cdph.ca.gov/Programs/CID/DCDC/Pages/Immunization/Influenza.aspx,Influenza (Flu),9,High,2024-01-20 00:00:00,3,2023-24
New York,http://www.health.ny.gov/diseases/communicable/influenza/surveillance/,"Influenza Activity, Surveillance and Reports",4,Low,2024-01-20 00:00:00,3,2023-24
California,https://www.cdph.ca.gov/Programs/CID/DCDC/Pages/Immunization/Influenza.aspx,Influenza (Flu),7,Moderate,2024-01-27 00:00:00,4,2023-24
New York,http://www.health.ny.gov/diseases/communicable/influenza/surveillance/,"Influenza Activity, Surveillance and Reports",3,Minimal,2024-01-27 00:00:00,4,2023-24
California,https://www.cdph.ca.gov/Programs/CID/DCDC/Pages/Immunization/Influenza.aspx,Influenza (Flu),6,Moderate,2024-02-03 00:00:00,5,2023-24
New York,http://www.health.ny.gov/diseases/communicable/influenza/surveillance/,"Influenza Activity, Surveillance and Reports",5,Low,2024-02-03 00:00:00,5,2023-24
California,https://www.cdph.ca.gov/Programs/CID/DCDC/Pages/Immunization/Influenza.aspx,Influenza (Flu),6,Moderate,2024-02-10 00:00:00,6,2023-24
New York,http://www.health.ny.gov/diseases/communicable/influenza/surveillance/,"Influenza Activity, Surveillance and Reports",4,Low,2024-02-10 00:00:00,6,2023-24
California,https://www.cdph.ca.gov/Programs/CID/DCDC/Pages/Immunization/Influenza.aspx,Influenza (Flu),7,Moderate,2024-02-17 00:00:00,7,2023-24
New York,http://www.health.ny.gov/diseases/communicable/influenza/surveillance/,"Influenza Activity, Surveillance and Reports",5,Low,2024-02-17 00:00:00,7,2023-24
New York,http://www.health.ny.gov/diseases/communicable/influenza/surveillance/,"Influenza Activity, Surveillance and Reports",5,Low,2024-02-24 00:00:00,8,2023-24
California,https://www.cdph.ca.gov/Programs/CID/DCDC/Pages/Immunization/Influenza.aspx,Influenza (Flu),7,Moderate,2024-02-24 00:00:00,8,2023-24
New York,http://www.health.ny.gov/diseases/communicable/influenza/surveillance/,"Influenza Activity, Surveillance and Reports",4,Low,2024-03-02 00:00:00,9,2023-24
California,https://www.cdph.ca.gov/Programs/CID/DCDC/Pages/Immunization/Influenza.aspx,Influenza (Flu),6,Moderate,2024-03-02 00:00:00,9,2023-24
New York,http://www.health.ny.gov/diseases/communicable/influenza/surveillance/,"Influenza Activity, Surveillance and Reports",4,Low,2024-03-09 00:00:00,10,2023-24
California,https://www.cdph.ca.gov/Programs/CID/DCDC/Pages/Immunization/Influenza.aspx,Influenza (Flu),6,Moderate,2024-03-09 00:00:00,10,2023-24
California,https://www.cdph.ca.gov/Programs/CID/DCDC/Pages/Immunization/Influenza.aspx,Influenza (Flu),6,Moderate,2024-03-16 00:00:00,11,2023-24
New York,http://www.health.ny.gov/diseases/communicable/influenza/surveillance/,"Influenza Activity, Surveillance and Reports",3,Minimal,2024-03-16 00:00:00,11,2023-24
New York,http://www.health.ny.gov/diseases/communicable/influenza/surveillance/,"Influenza Activity, Surveillance and Reports",3,Minimal,2024-03-23 00:00:00,12,2023-24
California,https://www.cdph.ca.gov/Programs/CID/DCDC/Pages/Immunization/Influenza.aspx,Influenza (Flu),5,Low,2024-03-23 00:00:00,12,2023-24
California,https://www.cdph.ca.gov/Programs/CID/DCDC/Pages/Immunization/Influenza.aspx,Influenza (Flu),5,Low,2024-03-30 00:00:00,13,2023-24
New York,http://www.health.ny.gov/diseases/communicable/influenza/surveillance/,"Influenza Activity, Surveillance and Reports",3,Minimal,2024-03-30 00:00:00,13,2023-24
California,https://www.cdph.ca.gov/Programs/CID/DCDC/Pages/Immunization/Influenza.aspx,Influenza (Flu),5,Low,2024-04-06 00:00:00,14,2023-24
New York,http://www.health.ny.gov/diseases/communicable/influenza/surveillance/,"Influenza Activity, Surveillance and Reports",3,Minimal,2024-04-06 00:00:00,14,2023-24
New York,http://www.health.ny.gov/diseases/communicable/influenza/surveillance/,"Influenza Activity, Surveillance and Reports",2,Minimal,2024-04-13 00:00:00,15,2023-24
California,https://www.cdph.ca.gov/Programs/CID/DCDC/Pages/Immunization/Influenza.aspx,Influenza (Flu),5,Low,2024-04-13 00:00:00,15,2023-24
New York,http://www.health.ny.gov/diseases/communicable/influenza/surveillance/,"Influenza Activity, Surveillance and Reports",2,Minimal,2024-04-20 00:00:00,16,2023-24
California,https://www.cdph.ca.gov/Programs/CID/DCDC/Pages/Immunization/Influenza.aspx,Influenza (Flu),4,Low,2024-04-20 00:00:00,16,2023-24
New York,http://www.health.ny.gov/diseases/communicable/influenza/surveillance/,"Influenza Activity, Surveillance and Reports",1,Minimal,2024-04-27 00:00:00,17,2023-24
California,https://www.cdph.ca.gov/Programs/CID/DCDC/Pages/Immunization/Influenza.aspx,Influenza (Flu),4,Low,2024-04-27 00:00:00,17,2023-24
New York,http://www.health.ny.gov/diseases/communicable/influenza/surveillance/,"Influenza Activity, Surveillance and Reports",1,Minimal,2024-05-04 00:00:00,18,2023-24
California,https://www.cdph.ca.gov/Programs/CID/DCDC/Pages/Immunization/Influenza.aspx,Influenza (Flu),4,Low,2024-05-04 00:00:00,18,2023-24
California,https://www.cdph.ca.gov/Programs/CID/DCDC/Pages/Immunization/Influenza.aspx,Influenza (Flu),4,Low,2024-05-11 00:00:00,19,2023-24
New York,http://www.health.ny.gov/diseases/communicable/influenza/surveillance/,"Influenza Activity, Surveillance and Reports",1,Minimal,2024-05-11 00:00:00,19,2023-24
California,https://www.cdph.ca.gov/Programs/CID/DCDC/Pages/Immunization/Influenza.aspx,Influenza (Flu),4,Low,2024-05-18 00:00:00,20,2023-24
New York,http://www.health.ny.gov/diseases/communicable/influenza/surveillance/,"Influenza Activity, Surveillance and Reports",1,Minimal,2024-05-18 00:00:00,20,2023-24
California,https://www.cdph.ca.gov/Programs/CID/DCDC/Pages/Immunization/Influenza.aspx,Influenza (Flu),4,Low,2024-05-25 00:00:00,21,2023-24
New York,http://www.health.ny.gov/diseases/communicable/influenza/surveillance/,"Influenza Activity, Surveillance and Reports",1,Minimal,2024-05-25 00:00:00,21,2023-24
New York,http://www.health.ny.gov/diseases/communicable/influenza/surveillance/,"Influenza Activity, Surveillance and Reports",1,Minimal,2024-06-01 00:00:00,22,2023-24
California,https://www.cdph.ca.gov/Programs/CID/DCDC/Pages/Immunization/Influenza.aspx,Influenza (Flu),4,Low,2024-06-01 00:00:00,22,2023-24
New York,http://www.health.ny.gov/diseases/communicable/influenza/surveillance/,"Influenza Activity, Surveillance and Reports",1,Minimal,2024-06-08 00:00:00,23,2023-24
California,https://www.cdph.ca.gov/Programs/CID/DCDC/Pages/Immunization/Influenza.aspx,Influenza (Flu),3,Minimal,2024-06-08 00:00:00,23,2023-24
New York,http://www.health.ny.gov/diseases/communicable/influenza/surveillance/,"Influenza Activity, Surveillance and Reports",1,Minimal,2024-06-15 00:00:00,24,2023-24
California,https://www.cdph.ca.gov/Programs/CID/DCDC/Pages/Immunization/Influenza.aspx,Influenza (Flu),2,Minimal,2024-06-15 00:00:00,24,2023-24
New York,http://www.health.ny.gov/diseases/communicable/influenza/surveillance/,"Influenza Activity, Surveillance and Reports",1,Minimal,2024-06-22 00:00:00,25,2023-24
California,https://www.cdph.ca.gov/Programs/CID/DCDC/Pages/Immunization/Influenza.aspx,Influenza (Flu),2,Minimal,2024-06-22 00:00:00,25,2023-24
California,https://www.cdph.ca.gov/Programs/CID/DCDC/Pages/Immunization/Influenza.aspx,Influenza (Flu),1,Minimal,2024-06-29 00:00:00,26,2023-24
New York,http://www.health.ny.gov/diseases/communicable/influenza/surveillance/,"Influenza Activity, Surveillance and Reports",1,Minimal,2024-06-29 00:00:00,26,2023-24
New York,http://www.health.ny.gov/diseases/communicable/influenza/surveillance/,"Influenza Activity, Surveillance and Reports",1,Minimal,2024-07-06 00:00:00,27,2023-24
California,https://www.cdph.ca.gov/Programs/CID/DCDC/Pages/Immunization/Influenza.aspx,Influenza (Flu),1,Minimal,2024-07-06 00:00:00,27,2023-24
California,https://www.cdph.ca.gov/Programs/CID/DCDC/Pages/Immunization/Influenza.aspx,Influenza (Flu),1,Minimal,2024-07-13 00:00:00,28,2023-24
New York,http://www.health.ny.gov/diseases/communicable/influenza/surveillance/,"Influenza Activity, Surveillance and Reports",1,Minimal,2024-07-13 00:00:00,28,2023-24
California,https://www.cdph.ca.gov/Programs/CID/DCDC/Pages/Immunization/Influenza.aspx,Influenza (Flu),1,Minimal,2024-07-20 00:00:00,29,2023-24
New York,http://www.health.ny.gov/diseases/communicable/influenza/surveillance/,"Influenza Activity, Surveillance and Reports",1,Minimal,2024-07-20 00:00:00,29,2023-24
New York,http://www.health.ny.gov/diseases/communicable/influenza/surveillance/,"Influenza Activity, Surveillance and Reports",1,Minimal,2024-07-27 00:00:00,30,2023-24
California,https://www.cdph.ca.gov/Programs/CID/DCDC/Pages/Immunization/Influenza.aspx,Influenza (Flu),1,Minimal,2024-07-27 00:00:00,30,2023-24
California,https://www.cdph.ca.gov/Programs/CID/DCDC/Pages/Immunization/Influenza.aspx,Influenza (Flu),1,Minimal,2024-08-03 00:00:00,31,2023-24
New York,http://www.health.ny.gov/diseases/communicable/influenza/surveillance/,"Influenza Activity, Surveillance and Reports",1,Minimal,2024-08-03 00:00:00,31,2023-24
New York,http://www.health.ny.gov/diseases/communicable/influenza/surveillance/,"Influenza Activity, Surveillance and Reports",1,Minimal,2024-08-10 00:00:00,32,2023-24
California,https://www.cdph.ca.gov/Programs/CID/DCDC/Pages/Immunization/Influenza.aspx,Influenza (Flu),1,Minimal,2024-08-10 00:00:00,32,2023-24
New York,http://www.health.ny.gov/diseases/communicable/influenza/surveillance/,"Influenza Activity, Surveillance and Reports",1,Minimal,2024-08-17 00:00:00,33,2023-24
California,https://www.cdph.ca.gov/Programs/CID/DCDC/Pages/Immunization/Influenza.aspx,Influenza (Flu),1,Minimal,2024-08-17 00:00:00,33,2023-24
California,https://www.cdph.ca.gov/Programs/CID/DCDC/Pages/Immunization/Influenza.aspx,Influenza (Flu),1,Minimal,2024-08-24 00:00:00,34,2023-24
New York,http://www.health.ny.gov/diseases/communicable/influenza/surveillance/,"Influenza Activity, Surveillance and Reports",1,Minimal,2024-08-24 00:00:00,34,2023-24
California,https://www.cdph.ca.gov/Programs/CID/DCDC/Pages/Immunization/Influenza.aspx,Influenza (Flu),1,Minimal,2024-08-31 00:00:00,35,2023-24
New York,http://www.health.ny.gov/diseases/communicable/influenza/surveillance/,"Influenza Activity, Surveillance and Reports",1,Minimal,2024-08-31 00:00:00,35,2023-24
California,https://www.cdph.ca.gov/Programs/CID/DCDC/Pages/Immunization/Influenza.aspx,Influenza (Flu),1,Minimal,2024-09-07 00:00:00,36,2023-24
New York,http://www.health.ny.gov/diseases/communicable/influenza/surveillance/,"Influenza Activity, Surveillance and Reports",1,Minimal,2024-09-07 00:00:00,36,2023-24
California,https://www.cdph.ca.gov/Programs/CID/DCDC/Pages/Immunization/Influenza.aspx,Influenza (Flu),1,Minimal,2024-09-14 00:00:00,37,2023-24
New York,http://www.health.ny.gov/diseases/communicable/influenza/surveillance/,"Influenza Activity, Surveillance and Reports",2,Minimal,2024-09-14 00:00:00,37,2023-24
California,https://www.cdph.ca.gov/Programs/CID/DCDC/Pages/Immunization/Influenza.aspx,Influenza (Flu),1,Minimal,2024-09-21 00:00:00,38,2023-24
New York,http://www.health.ny.gov/diseases/communicable/influenza/surveillance/,"Influenza Activity, Surveillance and Reports",3,Minimal,2024-09-21 00:00:00,38,2023-24
New York,http://www.health.ny.gov/diseases/communicable/influenza/surveillance/,"Influenza Activity, Surveillance and Reports",3,Minimal,2024-09-28 00:00:00,39,2023-24
California,https://www.cdph.ca.gov/Programs/CID/DCDC/Pages/Immunization/Influenza.aspx,Influenza (Flu),1,Minimal,2024-09-28 00:00:00,39,2023-24
California,https://www.cdph.ca.gov/Programs/CID/DCDC/Pages/Immunization/Influenza.aspx,Influenza (Flu),1,Minimal,2024-10-05 00:00:00,40,2024-25
New York,http://www.health.ny.gov/diseases/communicable/influenza/surveillance/,"Influenza Activity, Surveillance and Reports",2,Minimal,2024-10-05 00:00:00,40,2024-25
New York,http://www.health.ny.gov/diseases/communicable/influenza/surveillance/,"Influenza Activity, Surveillance and Reports",3,Minimal,2024-10-12 00:00:00,41,2024-25
California,https://www.cdph.ca.gov/Programs/CID/DCDC/Pages/Immunization/Influenza.aspx,Influenza (Flu),1,Minimal,2024-10-12 00:00:00,41,2024-25
California,https://www.cdph.ca.gov/Programs/CID/DCDC/Pages/Immunization/Influenza.aspx,Influenza (Flu),1,Minimal,2024-10-19 00:00:00,42,2024-25
New York,http://www.health.ny.gov/diseases/communicable/influenza/surveillance/,"Influenza Activity, Surveillance and Reports",3,Minimal,2024-10-19 00:00:00,42,2024-25
California,https://www.cdph.ca.gov/Programs/CID/DCDC/Pages/Immunization/Influenza.aspx,Influenza (Flu),1,Minimal,2024-10-26 00:00:00,43,2024-25
New York,http://www.health.ny.gov/diseases/communicable/influenza/surveillance/,"Influenza Activity, Surveillance and Reports",3,Minimal,2024-10-26 00:00:00,43,2024-25
California,https://www.cdph.ca.gov/Programs/CID/DCDC/Pages/Immunization/Influenza.aspx,Influenza (Flu),1,Minimal,2024-11-02 00:00:00,44,2024-25
New York,http://www.health.ny.gov/diseases/communicable/influenza/surveillance/,"Influenza Activity, Surveillance and Reports",3,Minimal,2024-11-02 00:00:00,44,2024-25
California,https://www.cdph.ca.gov/Programs/CID/DCDC/Pages/Immunization/Influenza.aspx,Influenza (Flu),3,Minimal,2024-11-09 00:00:00,45,2024-25
New York,http://www.health.ny.gov/diseases/communicable/influenza/surveillance/,"Influenza Activity, Surveillance and Reports",3,Minimal,2024-11-09 00:00:00,45,2024-25
